state,district,month,risk_level
Uttar Pradesh,Agra,2025-05-01,High
Uttar Pradesh,Agra,2025-06-01,High
Uttar Pradesh,Agra,2025-08-01,High
Uttar Pradesh,Agra,2025-10-01,High
Uttar Pradesh,Agra,2025-12-01,High
Maharashtra,Ahmadnagar,2025-02-01,High
Maharashtra,Ahmadnagar,2025-08-01,High
Maharashtra,Ahmadnagar,2025-09-01,High
Gujarat,Ahmedabad,2025-06-01,High
Gujarat,Ahmedabad,2025-08-01,High
Rajasthan,Ajmer,2025-05-01,High
Rajasthan,Ajmer,2025-08-01,High
Rajasthan,Ajmer,2025-09-01,High
Rajasthan,Ajmer,2025-10-01,High
Rajasthan,Ajmer,2025-12-01,High
Uttar Pradesh,Aligarh,2025-05-01,High
Uttar Pradesh,Aligarh,2025-06-01,High
Uttar Pradesh,Aligarh,2025-08-01,High
Uttar Pradesh,Aligarh,2025-09-01,High
Uttar Pradesh,Aligarh,2025-12-01,High
Uttar Pradesh,Allahabad,2025-02-01,High
Uttar Pradesh,Allahabad,2025-05-01,High
Uttar Pradesh,Allahabad,2025-08-01,High
Uttar Pradesh,Allahabad,2025-09-01,High
Uttar Pradesh,Allahabad,2025-10-01,High
Uttar Pradesh,Allahabad,2025-12-01,High
Rajasthan,Alwar,2025-05-01,High
Rajasthan,Alwar,2025-06-01,High
Rajasthan,Alwar,2025-08-01,High
Rajasthan,Alwar,2025-10-01,High
Rajasthan,Alwar,2025-12-01,High
Uttar Pradesh,Ambedkar Nagar,2025-08-01,High
Uttar Pradesh,Ambedkar Nagar,2025-09-01,High
Uttar Pradesh,Ambedkar Nagar,2025-10-01,High
Uttar Pradesh,Amethi,2025-02-01,High
Uttar Pradesh,Amethi,2025-08-01,High
Uttar Pradesh,Amethi,2025-09-01,High
Uttar Pradesh,Amethi,2025-12-01,High
Maharashtra,Amravati,2025-08-01,High
Punjab,Amritsar,2025-05-01,High
Punjab,Amritsar,2025-08-01,High
Punjab,Amritsar,2025-09-01,High
Uttar Pradesh,Amroha,2025-08-01,High
Uttar Pradesh,Amroha,2025-10-01,High
Bihar,Araria,2025-05-01,High
Bihar,Araria,2025-08-01,High
Bihar,Araria,2025-10-01,High
Madhya Pradesh,Ashok Nagar,2025-08-01,High
Madhya Pradesh,Ashok Nagar,2025-10-01,High
Maharashtra,Aurangabad,2025-01-01,High
Maharashtra,Aurangabad,2025-03-01,High
Maharashtra,Aurangabad,2025-04-01,High
Bihar,Aurangabad,2025-05-01,High
Bihar,Aurangabad,2025-08-01,High
Maharashtra,Aurangabad,2025-09-01,High
Maharashtra,Aurangabad,2025-10-01,High
Maharashtra,Aurangabad,2025-11-01,High
Maharashtra,Aurangabad,2025-12-01,High
Uttar Pradesh,Azamgarh,2025-06-01,High
Uttar Pradesh,Azamgarh,2025-08-01,High
Uttar Pradesh,Azamgarh,2025-10-01,High
Uttar Pradesh,Azamgarh,2025-12-01,High
Karnataka,Bagalkot,2025-02-01,High
Karnataka,Bagalkot,2025-08-01,High
Karnataka,Bagalkot,2025-10-01,High
Uttar Pradesh,Baghpat,2025-09-01,High
Uttar Pradesh,Bahraich,2025-06-01,High
Uttar Pradesh,Bahraich,2025-08-01,High
Uttar Pradesh,Bahraich,2025-09-01,High
Uttar Pradesh,Bahraich,2025-12-01,High
Madhya Pradesh,Balaghat,2025-08-01,High
Madhya Pradesh,Balaghat,2025-10-01,High
Odisha,Balangir,2025-02-01,High
Odisha,Baleswar,2025-02-01,High
Odisha,Baleswar,2025-08-01,High
Odisha,Baleswar,2025-09-01,High
Uttar Pradesh,Ballia,2025-02-01,High
Uttar Pradesh,Ballia,2025-05-01,High
Uttar Pradesh,Ballia,2025-08-01,High
Uttar Pradesh,Ballia,2025-10-01,High
Uttar Pradesh,Balrampur,2025-01-01,High
Uttar Pradesh,Balrampur,2025-02-01,High
Uttar Pradesh,Balrampur,2025-05-01,High
Chhattisgarh,Balrampur,2025-08-01,High
Uttar Pradesh,Balrampur,2025-09-01,High
Uttar Pradesh,Balrampur,2025-10-01,High
Gujarat,Banaskantha,2025-09-01,High
Gujarat,Banaskantha,2025-11-01,High
Uttar Pradesh,Banda,2025-08-01,High
Karnataka,Bangalore,2025-02-01,High
Karnataka,Bangalore,2025-06-01,High
Karnataka,Bangalore,2025-10-01,High
Bihar,Banka,2025-05-01,High
Bihar,Banka,2025-08-01,High
Bihar,Banka,2025-10-01,High
West Bengal,Bankura,2025-02-01,High
West Bengal,Bankura,2025-05-01,High
West Bengal,Bankura,2025-08-01,High
West Bengal,Bankura,2025-09-01,High
West Bengal,Bankura,2025-12-01,High
Rajasthan,Banswara,2025-02-01,High
Rajasthan,Banswara,2025-05-01,High
Rajasthan,Banswara,2025-09-01,High
Rajasthan,Banswara,2025-10-01,High
Uttar Pradesh,Bara Banki,2025-06-01,High
Uttar Pradesh,Bara Banki,2025-08-01,High
Uttar Pradesh,Bara Banki,2025-09-01,High
Rajasthan,Baran,2025-09-01,High
Rajasthan,Baran,2025-12-01,High
West Bengal,Barddhaman,2025-02-01,High
West Bengal,Barddhaman,2025-06-01,High
West Bengal,Barddhaman,2025-08-01,High
West Bengal,Barddhaman,2025-09-01,High
Uttar Pradesh,Bareilly,2025-05-01,High
Uttar Pradesh,Bareilly,2025-06-01,High
Uttar Pradesh,Bareilly,2025-08-01,High
Uttar Pradesh,Bareilly,2025-10-01,High
Uttar Pradesh,Bareilly,2025-12-01,High
Odisha,Bargarh,2025-02-01,High
Odisha,Bargarh,2025-08-01,High
Rajasthan,Barmer,2025-05-01,High
Rajasthan,Barmer,2025-08-01,High
Rajasthan,Barmer,2025-09-01,High
Rajasthan,Barmer,2025-10-01,High
Assam,Barpeta,2025-05-01,High
Assam,Barpeta,2025-08-01,High
Madhya Pradesh,Barwani,2025-05-01,High
Madhya Pradesh,Barwani,2025-08-01,High
Madhya Pradesh,Barwani,2025-10-01,High
Uttar Pradesh,Basti,2025-05-01,High
Uttar Pradesh,Basti,2025-08-01,High
Uttar Pradesh,Basti,2025-09-01,High
Uttar Pradesh,Basti,2025-10-01,High
Uttar Pradesh,Basti,2025-12-01,High
Maharashtra,Beed,2025-08-01,High
Bihar,Begusarai,2025-05-01,High
Bihar,Begusarai,2025-06-01,High
Bihar,Begusarai,2025-08-01,High
Bihar,Begusarai,2025-10-01,High
Bihar,Begusarai,2025-12-01,High
Karnataka,Belagavi,2025-02-01,High
Karnataka,Belagavi,2025-06-01,High
Karnataka,Belagavi,2025-08-01,High
Karnataka,Belagavi,2025-10-01,High
Karnataka,Belgaum,2025-02-01,High
Karnataka,Belgaum,2025-08-01,High
Karnataka,Belgaum,2025-10-01,High
Karnataka,Bellary,2025-02-01,High
Karnataka,Bengaluru,2025-05-01,High
Karnataka,Bengaluru,2025-06-01,High
Karnataka,Bengaluru,2025-08-01,High
Karnataka,Bengaluru,2025-09-01,High
Karnataka,Bengaluru,2025-10-01,High
Madhya Pradesh,Betul,2025-08-01,High
Madhya Pradesh,Betul,2025-10-01,High
Odisha,Bhadrak,2025-02-01,High
Bihar,Bhagalpur,2025-05-01,High
Bihar,Bhagalpur,2025-08-01,High
Rajasthan,Bharatpur,2025-06-01,High
Rajasthan,Bharatpur,2025-08-01,High
Gujarat,Bhavnagar,2025-08-01,High
Gujarat,Bhavnagar,2025-12-01,High
Rajasthan,Bhilwara,2025-05-01,High
Rajasthan,Bhilwara,2025-08-01,High
Rajasthan,Bhilwara,2025-09-01,High
Rajasthan,Bhilwara,2025-12-01,High
Madhya Pradesh,Bhind,2025-05-01,High
Madhya Pradesh,Bhind,2025-08-01,High
Madhya Pradesh,Bhind,2025-09-01,High
Bihar,Bhojpur,2025-05-01,High
Bihar,Bhojpur,2025-08-01,High
Bihar,Bhojpur,2025-10-01,High
Bihar,Bhojpur,2025-12-01,High
Madhya Pradesh,Bhopal,2025-05-01,High
Madhya Pradesh,Bhopal,2025-08-01,High
Madhya Pradesh,Bhopal,2025-10-01,High
Karnataka,Bijapur,2025-02-01,High
Uttar Pradesh,Bijnor,2025-05-01,High
Uttar Pradesh,Bijnor,2025-08-01,High
Uttar Pradesh,Bijnor,2025-10-01,High
Uttar Pradesh,Bijnor,2025-12-01,High
Rajasthan,Bikaner,2025-05-01,High
Rajasthan,Bikaner,2025-08-01,High
Rajasthan,Bikaner,2025-10-01,High
Chhattisgarh,Bilaspur,2025-02-01,High
Chhattisgarh,Bilaspur,2025-08-01,High
Chhattisgarh,Bilaspur,2025-09-01,High
Chhattisgarh,Bilaspur,2025-10-01,High
Chhattisgarh,Bilaspur,2025-12-01,High
West Bengal,Birbhum,2025-05-01,High
West Bengal,Birbhum,2025-08-01,High
West Bengal,Birbhum,2025-10-01,High
Jharkhand,Bokaro,2025-02-01,High
Jharkhand,Bokaro,2025-08-01,High
Uttar Pradesh,Budaun,2025-05-01,High
Uttar Pradesh,Budaun,2025-08-01,High
Uttar Pradesh,Budaun,2025-09-01,High
Uttar Pradesh,Budaun,2025-10-01,High
Uttar Pradesh,Budaun,2025-12-01,High
Uttar Pradesh,Bulandshahr,2025-05-01,High
Uttar Pradesh,Bulandshahr,2025-06-01,High
Uttar Pradesh,Bulandshahr,2025-08-01,High
Uttar Pradesh,Bulandshahr,2025-09-01,High
Uttar Pradesh,Bulandshahr,2025-10-01,High
Uttar Pradesh,Bulandshahr,2025-12-01,High
Maharashtra,Buldhana,2025-08-01,High
Bihar,Buxar,2025-02-01,High
Bihar,Buxar,2025-12-01,High
Assam,Cachar,2025-05-01,High
Assam,Cachar,2025-08-01,High
Uttar Pradesh,Chandauli,2025-08-01,High
Tamil Nadu,Chennai,2025-05-01,High
Tamil Nadu,Chennai,2025-06-01,High
Tamil Nadu,Chennai,2025-08-01,High
Tamil Nadu,Chennai,2025-10-01,High
Madhya Pradesh,Chhatarpur,2025-05-01,High
Madhya Pradesh,Chhatarpur,2025-06-01,High
Madhya Pradesh,Chhatarpur,2025-08-01,High
Madhya Pradesh,Chhindwara,2025-02-01,High
Madhya Pradesh,Chhindwara,2025-08-01,High
Madhya Pradesh,Chhindwara,2025-10-01,High
Uttar Pradesh,Chitrakoot,2025-02-01,High
Andhra Pradesh,Chittoor,2025-02-01,High
Andhra Pradesh,Chittoor,2025-05-01,High
Andhra Pradesh,Chittoor,2025-08-01,High
Andhra Pradesh,Chittoor,2025-10-01,High
Rajasthan,Chittorgarh,2025-08-01,High
Rajasthan,Chittorgarh,2025-10-01,High
Rajasthan,Churu,2025-05-01,High
Rajasthan,Churu,2025-08-01,High
Rajasthan,Churu,2025-09-01,High
Rajasthan,Churu,2025-10-01,High
Tamil Nadu,Coimbatore,2025-06-01,High
Tamil Nadu,Coimbatore,2025-08-01,High
Tamil Nadu,Coimbatore,2025-10-01,High
Tamil Nadu,Coimbatore,2025-12-01,High
West Bengal,Cooch Behar,2025-05-01,High
West Bengal,Cooch Behar,2025-08-01,High
West Bengal,Cooch Behar,2025-09-01,High
West Bengal,Cooch Behar,2025-10-01,High
Tamil Nadu,Cuddalore,2025-08-01,High
Tamil Nadu,Cuddalore,2025-10-01,High
Andhra Pradesh,Cuddapah,2025-02-01,High
Odisha,Cuttack,2025-02-01,High
Gujarat,Dahod,2025-08-01,High
Gujarat,Dahod,2025-12-01,High
West Bengal,Dakshin Dinajpur,2025-05-01,High
West Bengal,Dakshin Dinajpur,2025-08-01,High
West Bengal,Dakshin Dinajpur,2025-10-01,High
Karnataka,Dakshina Kannada,2025-02-01,High
Karnataka,Dakshina Kannada,2025-10-01,High
Madhya Pradesh,Damoh,2025-02-01,High
Madhya Pradesh,Damoh,2025-08-01,High
Madhya Pradesh,Damoh,2025-10-01,High
Madhya Pradesh,Damoh,2025-12-01,High
Bihar,Darbhanga,2025-05-01,High
Bihar,Darbhanga,2025-08-01,High
Bihar,Darbhanga,2025-10-01,High
Bihar,Darbhanga,2025-12-01,High
Assam,Darrang,2025-12-01,High
Madhya Pradesh,Datia,2025-10-01,High
Rajasthan,Dausa,2025-02-01,High
Rajasthan,Dausa,2025-05-01,High
Rajasthan,Dausa,2025-08-01,High
Uttarakhand,Dehradun,2025-08-01,High
Uttarakhand,Dehradun,2025-10-01,High
Jharkhand,Deoghar,2025-08-01,High
Jharkhand,Deoghar,2025-09-01,High
Jharkhand,Deoghar,2025-10-01,High
Uttar Pradesh,Deoria,2025-05-01,High
Uttar Pradesh,Deoria,2025-08-01,High
Uttar Pradesh,Deoria,2025-10-01,High
Uttar Pradesh,Deoria,2025-12-01,High
Madhya Pradesh,Dewas,2025-05-01,High
Madhya Pradesh,Dewas,2025-08-01,High
Jharkhand,Dhanbad,2025-05-01,High
Jharkhand,Dhanbad,2025-08-01,High
Jharkhand,Dhanbad,2025-12-01,High
Madhya Pradesh,Dhar,2025-08-01,High
Madhya Pradesh,Dhar,2025-09-01,High
Tamil Nadu,Dharmapuri,2025-02-01,High
Karnataka,Dharwad,2025-02-01,High
Karnataka,Dharwad,2025-10-01,High
Rajasthan,Dholpur,2025-06-01,High
Rajasthan,Dholpur,2025-08-01,High
Assam,Dhubri,2025-05-01,High
Assam,Dhubri,2025-08-01,High
Maharashtra,Dhule,2025-08-01,High
Maharashtra,Dhule,2025-11-01,High
Tamil Nadu,Dindigul,2025-02-01,High
Tamil Nadu,Dindigul,2025-08-01,High
Tamil Nadu,Dindigul,2025-10-01,High
Tamil Nadu,Dindigul,2025-12-01,High
Jharkhand,Dumka,2025-06-01,High
Jharkhand,Dumka,2025-08-01,High
Rajasthan,Dungarpur,2025-08-01,High
Rajasthan,Dungarpur,2025-09-01,High
Rajasthan,Dungarpur,2025-10-01,High
Bihar,East Champaran,2025-05-01,High
Bihar,East Champaran,2025-06-01,High
Bihar,East Champaran,2025-08-01,High
Bihar,East Champaran,2025-10-01,High
Bihar,East Champaran,2025-12-01,High
Andhra Pradesh,East Godavari,2025-02-01,High
Andhra Pradesh,East Godavari,2025-05-01,High
Andhra Pradesh,East Godavari,2025-08-01,High
Andhra Pradesh,East Godavari,2025-10-01,High
Meghalaya,East Khasi Hills,2025-05-01,High
Meghalaya,East Khasi Hills,2025-10-01,High
Meghalaya,East Khasi Hills,2025-12-01,High
Jharkhand,East Singhbhum,2025-08-01,High
Jharkhand,East Singhbhum,2025-09-01,High
Tamil Nadu,Erode,2025-02-01,High
Uttar Pradesh,Etah,2025-10-01,High
Uttar Pradesh,Etawah,2025-10-01,High
Uttar Pradesh,Faizabad,2025-02-01,High
Uttar Pradesh,Faizabad,2025-06-01,High
Uttar Pradesh,Faizabad,2025-08-01,High
Uttar Pradesh,Faizabad,2025-10-01,High
Uttar Pradesh,Faizabad,2025-12-01,High
Haryana,Faridabad,2025-05-01,High
Haryana,Faridabad,2025-08-01,High
Haryana,Faridabad,2025-09-01,High
Uttar Pradesh,Farrukhabad,2025-05-01,High
Uttar Pradesh,Farrukhabad,2025-09-01,High
Uttar Pradesh,Farrukhabad,2025-10-01,High
Uttar Pradesh,Fatehpur,2025-06-01,High
Uttar Pradesh,Fatehpur,2025-08-01,High
Uttar Pradesh,Fatehpur,2025-10-01,High
Uttar Pradesh,Fatehpur,2025-12-01,High
Uttar Pradesh,Firozabad,2025-06-01,High
Uttar Pradesh,Firozabad,2025-08-01,High
Uttar Pradesh,Firozabad,2025-09-01,High
Uttar Pradesh,Firozabad,2025-10-01,High
Uttar Pradesh,Firozabad,2025-12-01,High
Karnataka,Gadag,2025-02-01,High
Karnataka,Gadag,2025-08-01,High
Karnataka,Gadag,2025-10-01,High
Gujarat,Gandhinagar,2025-08-01,High
Odisha,Ganjam,2025-02-01,High
Odisha,Ganjam,2025-06-01,High
Odisha,Ganjam,2025-08-01,High
Odisha,Ganjam,2025-09-01,High
Odisha,Ganjam,2025-10-01,High
Odisha,Ganjam,2025-11-01,High
Jharkhand,Garhwa,2025-02-01,High
Jharkhand,Garhwa,2025-05-01,High
Jharkhand,Garhwa,2025-08-01,High
Jharkhand,Garhwa,2025-10-01,High
Uttar Pradesh,Gautam Buddha Nagar,2025-05-01,High
Uttar Pradesh,Gautam Buddha Nagar,2025-08-01,High
Uttar Pradesh,Gautam Buddha Nagar,2025-09-01,High
Bihar,Gaya,2025-05-01,High
Bihar,Gaya,2025-08-01,High
Bihar,Gaya,2025-12-01,High
Uttar Pradesh,Ghaziabad,2025-05-01,High
Uttar Pradesh,Ghaziabad,2025-08-01,High
Uttar Pradesh,Ghaziabad,2025-09-01,High
Uttar Pradesh,Ghaziabad,2025-10-01,High
Uttar Pradesh,Ghaziabad,2025-12-01,High
Uttar Pradesh,Ghazipur,2025-02-01,High
Uttar Pradesh,Ghazipur,2025-08-01,High
Uttar Pradesh,Ghazipur,2025-10-01,High
Uttar Pradesh,Ghazipur,2025-12-01,High
Jharkhand,Giridih,2025-05-01,High
Jharkhand,Giridih,2025-08-01,High
Jharkhand,Giridih,2025-10-01,High
Assam,Goalpara,2025-05-01,High
Assam,Goalpara,2025-08-01,High
Jharkhand,Godda,2025-08-01,High
Jharkhand,Godda,2025-10-01,High
Uttar Pradesh,Gonda,2025-05-01,High
Uttar Pradesh,Gonda,2025-08-01,High
Uttar Pradesh,Gonda,2025-09-01,High
Bihar,Gopalganj,2025-05-01,High
Bihar,Gopalganj,2025-08-01,High
Bihar,Gopalganj,2025-10-01,High
Bihar,Gopalganj,2025-12-01,High
Uttar Pradesh,Gorakhpur,2025-05-01,High
Uttar Pradesh,Gorakhpur,2025-06-01,High
Uttar Pradesh,Gorakhpur,2025-08-01,High
Uttar Pradesh,Gorakhpur,2025-10-01,High
Karnataka,Gulbarga,2025-02-01,High
Jharkhand,Gumla,2025-08-01,High
Madhya Pradesh,Guna,2025-08-01,High
Madhya Pradesh,Guna,2025-09-01,High
Andhra Pradesh,Guntur,2025-02-01,High
Andhra Pradesh,Guntur,2025-05-01,High
Andhra Pradesh,Guntur,2025-08-01,High
Andhra Pradesh,Guntur,2025-10-01,High
Haryana,Gurgaon,2025-10-01,High
Madhya Pradesh,Gwalior,2025-06-01,High
Madhya Pradesh,Gwalior,2025-08-01,High
Madhya Pradesh,Gwalior,2025-09-01,High
Madhya Pradesh,Gwalior,2025-12-01,High
Uttar Pradesh,Hardoi,2025-05-01,High
Uttar Pradesh,Hardoi,2025-08-01,High
Uttar Pradesh,Hardoi,2025-10-01,High
Uttar Pradesh,Hardoi,2025-12-01,High
Uttar Pradesh,Hathras,2025-08-01,High
Uttar Pradesh,Hathras,2025-10-01,High
Jharkhand,Hazaribagh,2025-08-01,High
West Bengal,Hooghly,2025-01-01,High
West Bengal,Hooghly,2025-04-01,High
West Bengal,Hooghly,2025-05-01,High
West Bengal,Hooghly,2025-06-01,High
West Bengal,Hooghly,2025-07-01,High
West Bengal,Hooghly,2025-08-01,High
West Bengal,Hooghly,2025-09-01,High
West Bengal,Hooghly,2025-10-01,High
West Bengal,Hooghly,2025-11-01,High
West Bengal,Hooghly,2025-12-01,High
Madhya Pradesh,Hoshangabad,2025-09-01,High
Madhya Pradesh,Hoshangabad,2025-11-01,High
Madhya Pradesh,Hoshangabad,2025-12-01,High
West Bengal,Howrah,2025-03-01,High
West Bengal,Howrah,2025-05-01,High
West Bengal,Howrah,2025-08-01,High
West Bengal,Howrah,2025-11-01,High
West Bengal,Howrah,2025-12-01,High
Telangana,Hyderabad,2025-01-01,High
Telangana,Hyderabad,2025-02-01,High
Telangana,Hyderabad,2025-03-01,High
Telangana,Hyderabad,2025-04-01,High
Telangana,Hyderabad,2025-05-01,High
Telangana,Hyderabad,2025-06-01,High
Telangana,Hyderabad,2025-07-01,High
Telangana,Hyderabad,2025-08-01,High
Telangana,Hyderabad,2025-09-01,High
Telangana,Hyderabad,2025-10-01,High
Telangana,Hyderabad,2025-11-01,High
Telangana,Hyderabad,2025-12-01,High
Madhya Pradesh,Indore,2025-05-01,High
Madhya Pradesh,Indore,2025-08-01,High
Madhya Pradesh,Indore,2025-09-01,High
Madhya Pradesh,Indore,2025-10-01,High
Madhya Pradesh,Jabalpur,2025-05-01,High
Madhya Pradesh,Jabalpur,2025-08-01,High
Rajasthan,Jaipur,2025-05-01,High
Rajasthan,Jaipur,2025-08-01,High
Rajasthan,Jaipur,2025-10-01,High
Rajasthan,Jaipur,2025-12-01,High
Uttar Pradesh,Jalaun,2025-10-01,High
Maharashtra,Jalgaon,2025-08-01,High
Maharashtra,Jalgaon,2025-09-01,High
Maharashtra,Jalna,2025-02-01,High
Maharashtra,Jalna,2025-09-01,High
Rajasthan,Jalor,2025-05-01,High
Rajasthan,Jalor,2025-08-01,High
Rajasthan,Jalor,2025-09-01,High
Rajasthan,Jalor,2025-10-01,High
Rajasthan,Jalor,2025-12-01,High
West Bengal,Jalpaiguri,2025-05-01,High
West Bengal,Jalpaiguri,2025-08-01,High
West Bengal,Jalpaiguri,2025-09-01,High
Bihar,Jamui,2025-05-01,High
Bihar,Jamui,2025-06-01,High
Bihar,Jamui,2025-08-01,High
Chhattisgarh,Janjgir-champa,2025-02-01,High
Uttar Pradesh,Jaunpur,2025-05-01,High
Uttar Pradesh,Jaunpur,2025-08-01,High
Uttar Pradesh,Jaunpur,2025-10-01,High
Uttar Pradesh,Jaunpur,2025-12-01,High
Madhya Pradesh,Jhabua,2025-08-01,High
Madhya Pradesh,Jhabua,2025-09-01,High
Rajasthan,Jhalawar,2025-02-01,High
Rajasthan,Jhalawar,2025-05-01,High
Rajasthan,Jhalawar,2025-08-01,High
Rajasthan,Jhalawar,2025-10-01,High
Rajasthan,Jhalawar,2025-12-01,High
Uttar Pradesh,Jhansi,2025-08-01,High
Uttar Pradesh,Jhansi,2025-10-01,High
Rajasthan,Jhunjhunun,2025-02-01,High
Rajasthan,Jhunjhunun,2025-05-01,High
Rajasthan,Jhunjhunun,2025-06-01,High
Rajasthan,Jhunjhunun,2025-08-01,High
Rajasthan,Jodhpur,2025-05-01,High
Rajasthan,Jodhpur,2025-08-01,High
Rajasthan,Jodhpur,2025-09-01,High
Rajasthan,Jodhpur,2025-10-01,High
Rajasthan,Jodhpur,2025-12-01,High
Gujarat,Junagadh,2025-09-01,High
Telangana,K.v. Rangareddy,2025-01-01,High
Telangana,K.v. Rangareddy,2025-02-01,High
Telangana,K.v. Rangareddy,2025-04-01,High
Telangana,K.v. Rangareddy,2025-07-01,High
Telangana,K.v. Rangareddy,2025-08-01,High
Telangana,K.v. Rangareddy,2025-09-01,High
Telangana,K.v. Rangareddy,2025-12-01,High
Odisha,Kalahandi,2025-02-01,High
Assam,Kamrup,2025-02-01,High
Assam,Kamrup,2025-05-01,High
Assam,Kamrup,2025-08-01,High
Tamil Nadu,Kancheepuram,2025-05-01,High
Tamil Nadu,Kancheepuram,2025-06-01,High
Tamil Nadu,Kancheepuram,2025-08-01,High
Tamil Nadu,Kancheepuram,2025-10-01,High
Tamil Nadu,Kancheepuram,2025-12-01,High
Uttar Pradesh,Kannauj,2025-05-01,High
Uttar Pradesh,Kannauj,2025-09-01,High
Uttar Pradesh,Kannauj,2025-10-01,High
Uttar Pradesh,Kannauj,2025-12-01,High
Kerala,Kannur,2025-02-01,High
Kerala,Kannur,2025-09-01,High
Uttar Pradesh,Kanpur Nagar,2025-05-01,High
Uttar Pradesh,Kanpur Nagar,2025-06-01,High
Uttar Pradesh,Kanpur Nagar,2025-08-01,High
Uttar Pradesh,Kanpur Nagar,2025-09-01,High
Uttar Pradesh,Kanpur Nagar,2025-10-01,High
Uttar Pradesh,Kanpur Nagar,2025-12-01,High
Rajasthan,Karauli,2025-05-01,High
Rajasthan,Karauli,2025-08-01,High
Rajasthan,Karauli,2025-10-01,High
Rajasthan,Karauli,2025-12-01,High
Assam,Karimganj,2025-04-01,High
Assam,Karimganj,2025-05-01,High
Assam,Karimganj,2025-08-01,High
Assam,Karimganj,2025-10-01,High
Telangana,Karimnagar,2025-02-01,High
Telangana,Karimnagar,2025-03-01,High
Telangana,Karimnagar,2025-09-01,High
Telangana,Karimnagar,2025-11-01,High
Telangana,Karimnagar,2025-12-01,High
Tamil Nadu,Karur,2025-03-01,High
Bihar,Katihar,2025-05-01,High
Bihar,Katihar,2025-06-01,High
Bihar,Katihar,2025-08-01,High
Madhya Pradesh,Katni,2025-08-01,High
Madhya Pradesh,Katni,2025-09-01,High
Madhya Pradesh,Katni,2025-12-01,High
Uttar Pradesh,Kaushambi,2025-08-01,High
Uttar Pradesh,Kaushambi,2025-10-01,High
Odisha,Kendujhar,2025-09-01,High
Bihar,Khagaria,2025-02-01,High
Bihar,Khagaria,2025-08-01,High
Bihar,Khagaria,2025-12-01,High
Telangana,Khammam,2025-01-01,High
Telangana,Khammam,2025-02-01,High
Madhya Pradesh,Khargone,2025-08-01,High
Madhya Pradesh,Khargone,2025-09-01,High
Gujarat,Kheda,2025-09-01,High
Gujarat,Kheda,2025-10-01,High
Uttar Pradesh,Kheri,2025-08-01,High
Uttar Pradesh,Kheri,2025-10-01,High
Bihar,Kishanganj,2025-02-01,High
Bihar,Kishanganj,2025-05-01,High
Maharashtra,Kolhapur,2025-02-01,High
Maharashtra,Kolhapur,2025-08-01,High
Maharashtra,Kolhapur,2025-09-01,High
West Bengal,Kolkata,2025-06-01,High
West Bengal,Kolkata,2025-08-01,High
Kerala,Kollam,2025-02-01,High
Karnataka,Koppal,2025-02-01,High
Odisha,Koraput,2025-02-01,High
Odisha,Koraput,2025-08-01,High
Rajasthan,Kota,2025-02-01,High
Rajasthan,Kota,2025-05-01,High
Rajasthan,Kota,2025-08-01,High
Rajasthan,Kota,2025-10-01,High
Rajasthan,Kota,2025-12-01,High
Kerala,Kozhikode,2025-02-01,High
Kerala,Kozhikode,2025-05-01,High
Kerala,Kozhikode,2025-08-01,High
Kerala,Kozhikode,2025-09-01,High
Andhra Pradesh,Krishna,2025-02-01,High
Andhra Pradesh,Krishna,2025-08-01,High
Tamil Nadu,Krishnagiri,2025-02-01,High
Andhra Pradesh,Kurnool,2025-02-01,High
Andhra Pradesh,Kurnool,2025-05-01,High
Andhra Pradesh,Kurnool,2025-08-01,High
Andhra Pradesh,Kurnool,2025-12-01,High
Uttar Pradesh,Kushinagar,2025-05-01,High
Uttar Pradesh,Kushinagar,2025-08-01,High
Uttar Pradesh,Kushinagar,2025-10-01,High
Uttar Pradesh,Kushinagar,2025-12-01,High
Maharashtra,Latur,2025-08-01,High
Maharashtra,Latur,2025-10-01,High
Uttar Pradesh,Lucknow,2025-06-01,High
Uttar Pradesh,Lucknow,2025-08-01,High
Uttar Pradesh,Lucknow,2025-09-01,High
Uttar Pradesh,Lucknow,2025-12-01,High
Punjab,Ludhiana,2025-08-01,High
Punjab,Ludhiana,2025-09-01,High
Punjab,Ludhiana,2025-10-01,High
Bihar,Madhepura,2025-02-01,High
Bihar,Madhepura,2025-05-01,High
Bihar,Madhepura,2025-08-01,High
Bihar,Madhepura,2025-10-01,High
Bihar,Madhepura,2025-12-01,High
Bihar,Madhubani,2025-05-01,High
Bihar,Madhubani,2025-08-01,High
Bihar,Madhubani,2025-12-01,High
Tamil Nadu,Madurai,2025-05-01,High
Tamil Nadu,Madurai,2025-06-01,High
Tamil Nadu,Madurai,2025-08-01,High
Tamil Nadu,Madurai,2025-10-01,High
Telangana,Mahabubnagar,2025-02-01,High
Telangana,Mahabubnagar,2025-03-01,High
Telangana,Mahabubnagar,2025-06-01,High
Telangana,Mahabubnagar,2025-08-01,High
Telangana,Mahabubnagar,2025-10-01,High
Telangana,Mahabubnagar,2025-11-01,High
Telangana,Mahabubnagar,2025-12-01,High
Uttar Pradesh,Maharajganj,2025-05-01,High
Uttar Pradesh,Maharajganj,2025-08-01,High
Uttar Pradesh,Maharajganj,2025-09-01,High
Uttar Pradesh,Maharajganj,2025-12-01,High
Uttar Pradesh,Mainpuri,2025-08-01,High
Uttar Pradesh,Mainpuri,2025-09-01,High
Uttar Pradesh,Mainpuri,2025-10-01,High
Uttar Pradesh,Mainpuri,2025-12-01,High
Kerala,Malappuram,2025-02-01,High
Kerala,Malappuram,2025-05-01,High
Kerala,Malappuram,2025-08-01,High
Kerala,Malappuram,2025-09-01,High
West Bengal,Malda,2025-05-01,High
West Bengal,Malda,2025-08-01,High
West Bengal,Malda,2025-10-01,High
Madhya Pradesh,Mandsaur,2025-02-01,High
Madhya Pradesh,Mandsaur,2025-05-01,High
Madhya Pradesh,Mandsaur,2025-08-01,High
Madhya Pradesh,Mandsaur,2025-09-01,High
Assam,Marigaon,2025-05-01,High
Assam,Marigaon,2025-08-01,High
Assam,Marigaon,2025-11-01,High
Uttar Pradesh,Mathura,2025-05-01,High
Uttar Pradesh,Mathura,2025-06-01,High
Uttar Pradesh,Mathura,2025-08-01,High
Uttar Pradesh,Mathura,2025-10-01,High
Uttar Pradesh,Mathura,2025-12-01,High
Uttar Pradesh,Mau,2025-02-01,High
Uttar Pradesh,Mau,2025-08-01,High
Uttar Pradesh,Mau,2025-10-01,High
Odisha,Mayurbhanj,2025-02-01,High
Odisha,Mayurbhanj,2025-05-01,High
Odisha,Mayurbhanj,2025-06-01,High
Odisha,Mayurbhanj,2025-08-01,High
Odisha,Mayurbhanj,2025-09-01,High
Odisha,Mayurbhanj,2025-10-01,High
Odisha,Mayurbhanj,2025-11-01,High
Odisha,Mayurbhanj,2025-12-01,High
Telangana,Medak,2025-01-01,High
Telangana,Medak,2025-02-01,High
Telangana,Medak,2025-03-01,High
Telangana,Medak,2025-08-01,High
Telangana,Medak,2025-09-01,High
Telangana,Medak,2025-10-01,High
Telangana,Medak,2025-12-01,High
Telangana,Medchal-malkajgiri,2025-02-01,High
Uttar Pradesh,Meerut,2025-05-01,High
Uttar Pradesh,Meerut,2025-08-01,High
Uttar Pradesh,Meerut,2025-10-01,High
Uttar Pradesh,Meerut,2025-12-01,High
Haryana,Mewat,2025-05-01,High
Haryana,Mewat,2025-08-01,High
Uttar Pradesh,Mirzapur,2025-02-01,High
Uttar Pradesh,Mirzapur,2025-06-01,High
Uttar Pradesh,Mirzapur,2025-08-01,High
Uttar Pradesh,Mirzapur,2025-09-01,High
Uttar Pradesh,Mirzapur,2025-12-01,High
Uttar Pradesh,Moradabad,2025-05-01,High
Uttar Pradesh,Moradabad,2025-08-01,High
Uttar Pradesh,Moradabad,2025-09-01,High
Uttar Pradesh,Moradabad,2025-10-01,High
Uttar Pradesh,Moradabad,2025-12-01,High
Madhya Pradesh,Morena,2025-08-01,High
Madhya Pradesh,Morena,2025-10-01,High
Maharashtra,Mumbai,2025-05-01,High
Maharashtra,Mumbai,2025-08-01,High
Maharashtra,Mumbai,2025-09-01,High
Maharashtra,Mumbai,2025-10-01,High
Maharashtra,Mumbai Suburban,2025-05-01,High
Maharashtra,Mumbai Suburban,2025-09-01,High
Maharashtra,Mumbai Suburban,2025-10-01,High
West Bengal,Murshidabad,2025-02-01,High
West Bengal,Murshidabad,2025-05-01,High
West Bengal,Murshidabad,2025-08-01,High
West Bengal,Murshidabad,2025-09-01,High
West Bengal,Murshidabad,2025-10-01,High
Uttar Pradesh,Muzaffarnagar,2025-05-01,High
Uttar Pradesh,Muzaffarnagar,2025-08-01,High
Uttar Pradesh,Muzaffarnagar,2025-10-01,High
Bihar,Muzaffarpur,2025-05-01,High
Bihar,Muzaffarpur,2025-08-01,High
Bihar,Muzaffarpur,2025-10-01,High
Bihar,Muzaffarpur,2025-12-01,High
Odisha,Nabarangapur,2025-06-01,High
Odisha,Nabarangapur,2025-08-01,High
West Bengal,Nadia,2025-05-01,High
West Bengal,Nadia,2025-08-01,High
West Bengal,Nadia,2025-09-01,High
West Bengal,Nadia,2025-10-01,High
Assam,Nagaon,2025-05-01,High
Assam,Nagaon,2025-08-01,High
Assam,Nagaon,2025-10-01,High
Tamil Nadu,Nagapattinam,2025-02-01,High
Rajasthan,Nagaur,2025-06-01,High
Rajasthan,Nagaur,2025-08-01,High
Rajasthan,Nagaur,2025-12-01,High
Maharashtra,Nagpur,2025-08-01,High
Maharashtra,Nagpur,2025-10-01,High
Bihar,Nalanda,2025-05-01,High
Bihar,Nalanda,2025-06-01,High
Bihar,Nalanda,2025-08-01,High
Bihar,Nalanda,2025-10-01,High
Bihar,Nalanda,2025-12-01,High
Assam,Nalbari,2025-05-01,High
Telangana,Nalgonda,2025-01-01,High
Telangana,Nalgonda,2025-02-01,High
Telangana,Nalgonda,2025-08-01,High
Telangana,Nalgonda,2025-09-01,High
Telangana,Nalgonda,2025-10-01,High
Telangana,Nalgonda,2025-12-01,High
Tamil Nadu,Namakkal,2025-02-01,High
Maharashtra,Nanded,2025-08-01,High
Maharashtra,Nanded,2025-09-01,High
Maharashtra,Nandurbar,2025-08-01,High
Maharashtra,Nandurbar,2025-09-01,High
Maharashtra,Nashik,2025-07-01,High
Maharashtra,Nashik,2025-08-01,High
Bihar,Nawada,2025-05-01,High
Bihar,Nawada,2025-06-01,High
Bihar,Nawada,2025-08-01,High
Madhya Pradesh,Neemuch,2025-02-01,High
Madhya Pradesh,Neemuch,2025-09-01,High
Andhra Pradesh,Nellore,2025-02-01,High
Telangana,Nizamabad,2025-01-01,High
Telangana,Nizamabad,2025-02-01,High
Telangana,Nizamabad,2025-03-01,High
Telangana,Nizamabad,2025-08-01,High
Telangana,Nizamabad,2025-09-01,High
Telangana,Nizamabad,2025-10-01,High
Telangana,Nizamabad,2025-12-01,High
West Bengal,North 24 Parganas,2025-05-01,High
West Bengal,North 24 Parganas,2025-06-01,High
West Bengal,North 24 Parganas,2025-08-01,High
Delhi,North East Delhi,2025-08-01,High
Delhi,North East Delhi,2025-10-01,High
Delhi,North West Delhi,2025-06-01,High
Delhi,North West Delhi,2025-08-01,High
Delhi,North West Delhi,2025-10-01,High
Kerala,Palakkad,2025-02-01,High
Kerala,Palakkad,2025-08-01,High
Jharkhand,Palamu,2025-02-01,High
Jharkhand,Palamu,2025-05-01,High
Jharkhand,Palamu,2025-08-01,High
Jharkhand,Palamu,2025-09-01,High
Maharashtra,Palghar,2025-08-01,High
Maharashtra,Palghar,2025-09-01,High
Rajasthan,Pali,2025-02-01,High
Rajasthan,Pali,2025-05-01,High
Rajasthan,Pali,2025-08-01,High
Rajasthan,Pali,2025-09-01,High
Gujarat,Panchmahals,2025-08-01,High
Madhya Pradesh,Panna,2025-06-01,High
Madhya Pradesh,Panna,2025-08-01,High
Madhya Pradesh,Panna,2025-09-01,High
Madhya Pradesh,Panna,2025-12-01,High
Maharashtra,Parbhani,2025-10-01,High
West Bengal,Paschim Medinipur,2025-02-01,High
West Bengal,Paschim Medinipur,2025-05-01,High
West Bengal,Paschim Medinipur,2025-08-01,High
West Bengal,Paschim Medinipur,2025-10-01,High
Gujarat,Patan,2025-12-01,High
Bihar,Patna,2025-05-01,High
Bihar,Patna,2025-06-01,High
Bihar,Patna,2025-08-01,High
Uttar Pradesh,Pilibhit,2025-08-01,High
Uttar Pradesh,Pilibhit,2025-10-01,High
Andhra Pradesh,Prakasam,2025-05-01,High
Andhra Pradesh,Prakasam,2025-08-01,High
Andhra Pradesh,Prakasam,2025-10-01,High
Uttar Pradesh,Pratapgarh,2025-01-01,High
Uttar Pradesh,Pratapgarh,2025-02-01,High
Uttar Pradesh,Pratapgarh,2025-03-01,High
Uttar Pradesh,Pratapgarh,2025-04-01,High
Uttar Pradesh,Pratapgarh,2025-05-01,High
Uttar Pradesh,Pratapgarh,2025-06-01,High
Uttar Pradesh,Pratapgarh,2025-08-01,High
Uttar Pradesh,Pratapgarh,2025-09-01,High
Uttar Pradesh,Pratapgarh,2025-10-01,High
Uttar Pradesh,Pratapgarh,2025-11-01,High
Uttar Pradesh,Pratapgarh,2025-12-01,High
Tamil Nadu,Pudukkottai,2025-10-01,High
Maharashtra,Pune,2025-05-01,High
Maharashtra,Pune,2025-07-01,High
Maharashtra,Pune,2025-08-01,High
Maharashtra,Pune,2025-09-01,High
West Bengal,Purba Medinipur,2025-02-01,High
West Bengal,Purba Medinipur,2025-05-01,High
West Bengal,Purba Medinipur,2025-08-01,High
West Bengal,Purba Medinipur,2025-10-01,High
Bihar,Purnia,2025-05-01,High
Bihar,Purnia,2025-08-01,High
Bihar,Purnia,2025-10-01,High
West Bengal,Puruliya,2025-02-01,High
West Bengal,Puruliya,2025-05-01,High
West Bengal,Puruliya,2025-08-01,High
Uttar Pradesh,Rae Bareli,2025-02-01,High
Uttar Pradesh,Rae Bareli,2025-05-01,High
Uttar Pradesh,Rae Bareli,2025-08-01,High
Uttar Pradesh,Rae Bareli,2025-10-01,High
Uttar Pradesh,Rae Bareli,2025-12-01,High
Karnataka,Raichur,2025-05-01,High
Karnataka,Raichur,2025-06-01,High
Karnataka,Raichur,2025-08-01,High
Karnataka,Raichur,2025-10-01,High
Chhattisgarh,Raipur,2025-05-01,High
Chhattisgarh,Raipur,2025-08-01,High
Chhattisgarh,Raipur,2025-12-01,High
Madhya Pradesh,Raisen,2025-08-01,High
Madhya Pradesh,Raisen,2025-12-01,High
Madhya Pradesh,Rajgarh,2025-02-01,High
Madhya Pradesh,Rajgarh,2025-08-01,High
Madhya Pradesh,Rajgarh,2025-12-01,High
Gujarat,Rajkot,2025-08-01,High
Gujarat,Rajkot,2025-09-01,High
Gujarat,Rajkot,2025-12-01,High
Rajasthan,Rajsamand,2025-10-01,High
Uttar Pradesh,Rampur,2025-05-01,High
Uttar Pradesh,Rampur,2025-08-01,High
Uttar Pradesh,Rampur,2025-10-01,High
Jharkhand,Ranchi,2025-05-01,High
Jharkhand,Ranchi,2025-07-01,High
Jharkhand,Ranchi,2025-08-01,High
Madhya Pradesh,Ratlam,2025-02-01,High
Madhya Pradesh,Ratlam,2025-08-01,High
Madhya Pradesh,Ratlam,2025-10-01,High
Madhya Pradesh,Rewa,2025-02-01,High
Madhya Pradesh,Rewa,2025-05-01,High
Madhya Pradesh,Rewa,2025-06-01,High
Madhya Pradesh,Rewa,2025-08-01,High
Bihar,Rohtas,2025-02-01,High
Bihar,Rohtas,2025-06-01,High
Bihar,Rohtas,2025-08-01,High
Madhya Pradesh,Sagar,2025-05-01,High
Madhya Pradesh,Sagar,2025-08-01,High
Uttar Pradesh,Saharanpur,2025-05-01,High
Uttar Pradesh,Saharanpur,2025-08-01,High
Uttar Pradesh,Saharanpur,2025-10-01,High
Bihar,Saharsa,2025-05-01,High
Bihar,Saharsa,2025-08-01,High
Bihar,Saharsa,2025-12-01,High
Jharkhand,Sahebganj,2025-02-01,High
Jharkhand,Sahebganj,2025-05-01,High
Jharkhand,Sahebganj,2025-08-01,High
Jharkhand,Sahebganj,2025-10-01,High
Tamil Nadu,Salem,2025-06-01,High
Tamil Nadu,Salem,2025-08-01,High
Bihar,Samastipur,2025-05-01,High
Bihar,Samastipur,2025-06-01,High
Bihar,Samastipur,2025-08-01,High
Bihar,Samastipur,2025-12-01,High
Uttar Pradesh,Sambhal,2025-05-01,High
Uttar Pradesh,Sambhal,2025-06-01,High
Uttar Pradesh,Sambhal,2025-08-01,High
Uttar Pradesh,Sambhal,2025-10-01,High
Maharashtra,Sangli,2025-09-01,High
Uttar Pradesh,Sant Kabir Nagar,2025-02-01,High
Uttar Pradesh,Sant Kabir Nagar,2025-08-01,High
Uttar Pradesh,Sant Kabir Nagar,2025-10-01,High
Bihar,Saran,2025-05-01,High
Bihar,Saran,2025-06-01,High
Bihar,Saran,2025-08-01,High
Bihar,Saran,2025-10-01,High
Bihar,Saran,2025-12-01,High
Madhya Pradesh,Satna,2025-05-01,High
Madhya Pradesh,Satna,2025-06-01,High
Madhya Pradesh,Satna,2025-08-01,High
Rajasthan,Sawai Madhopur,2025-08-01,High
Rajasthan,Sawai Madhopur,2025-09-01,High
Rajasthan,Sawai Madhopur,2025-12-01,High
Madhya Pradesh,Seoni,2025-02-01,High
Madhya Pradesh,Seoni,2025-08-01,High
Madhya Pradesh,Seoni,2025-10-01,High
Uttar Pradesh,Shahjahanpur,2025-05-01,High
Uttar Pradesh,Shahjahanpur,2025-08-01,High
Uttar Pradesh,Shahjahanpur,2025-10-01,High
Madhya Pradesh,Shajapur,2025-02-01,High
Madhya Pradesh,Shajapur,2025-05-01,High
Madhya Pradesh,Shajapur,2025-08-01,High
Madhya Pradesh,Shajapur,2025-10-01,High
Uttar Pradesh,Shamli,2025-05-01,High
Uttar Pradesh,Shamli,2025-06-01,High
Uttar Pradesh,Shamli,2025-09-01,High
Madhya Pradesh,Shivpuri,2025-06-01,High
Madhya Pradesh,Shivpuri,2025-08-01,High
Uttar Pradesh,Siddharthnagar,2025-05-01,High
Uttar Pradesh,Siddharthnagar,2025-08-01,High
Uttar Pradesh,Siddharthnagar,2025-12-01,High
Madhya Pradesh,Sidhi,2025-06-01,High
Madhya Pradesh,Sidhi,2025-08-01,High
Madhya Pradesh,Sidhi,2025-09-01,High
Rajasthan,Sikar,2025-06-01,High
Rajasthan,Sikar,2025-08-01,High
Rajasthan,Sikar,2025-09-01,High
Rajasthan,Sikar,2025-12-01,High
Madhya Pradesh,Singrauli,2025-02-01,High
Madhya Pradesh,Singrauli,2025-08-01,High
Rajasthan,Sirohi,2025-09-01,High
Rajasthan,Sirohi,2025-10-01,High
Bihar,Sitamarhi,2025-05-01,High
Bihar,Sitamarhi,2025-08-01,High
Bihar,Sitamarhi,2025-09-01,High
Uttar Pradesh,Sitapur,2025-06-01,High
Uttar Pradesh,Sitapur,2025-08-01,High
Bihar,Siwan,2025-05-01,High
Bihar,Siwan,2025-08-01,High
Maharashtra,Solapur,2025-08-01,High
Uttar Pradesh,Sonbhadra,2025-08-01,High
Assam,Sonitpur,2025-05-01,High
Assam,Sonitpur,2025-08-01,High
Assam,Sonitpur,2025-10-01,High
West Bengal,South 24 Parganas,2025-02-01,High
West Bengal,South 24 Parganas,2025-05-01,High
West Bengal,South 24 Parganas,2025-08-01,High
West Bengal,South 24 Parganas,2025-09-01,High
West Bengal,South 24 Parganas,2025-10-01,High
Delhi,South Delhi,2025-05-01,High
Delhi,South Delhi,2025-06-01,High
Delhi,South Delhi,2025-08-01,High
Delhi,South Delhi,2025-10-01,High
West Bengal,South Twenty Four Parganas,2025-02-01,High
Delhi,South West Delhi,2025-06-01,High
Delhi,South West Delhi,2025-08-01,High
Delhi,South West Delhi,2025-12-01,High
Andhra Pradesh,Srikakulam,2025-05-01,High
Uttar Pradesh,Sultanpur,2025-06-01,High
Uttar Pradesh,Sultanpur,2025-08-01,High
Uttar Pradesh,Sultanpur,2025-10-01,High
Bihar,Supaul,2025-02-01,High
Bihar,Supaul,2025-05-01,High
Bihar,Supaul,2025-08-01,High
Gujarat,Surat,2025-05-01,High
Gujarat,Surat,2025-08-01,High
Gujarat,Surat,2025-09-01,High
Gujarat,Surat,2025-10-01,High
Gujarat,Surendra Nagar,2025-09-01,High
Maharashtra,Thane,2025-05-01,High
Maharashtra,Thane,2025-08-01,High
Maharashtra,Thane,2025-09-01,High
Maharashtra,Thane,2025-10-01,High
Tamil Nadu,Thanjavur,2025-02-01,High
Tamil Nadu,Thanjavur,2025-10-01,High
Tamil Nadu,Thiruvarur,2025-02-01,High
Tamil Nadu,Thoothukkudi,2025-02-01,High
Kerala,Thrissur,2025-02-01,High
Kerala,Thrissur,2025-11-01,High
Madhya Pradesh,Tikamgarh,2025-02-01,High
Madhya Pradesh,Tikamgarh,2025-08-01,High
Tamil Nadu,Tiruchirappalli,2025-02-01,High
Tamil Nadu,Tiruchirappalli,2025-06-01,High
Tamil Nadu,Tiruchirappalli,2025-08-01,High
Tamil Nadu,Tiruchirappalli,2025-09-01,High
Tamil Nadu,Tirunelveli,2025-02-01,High
Tamil Nadu,Tirunelveli,2025-08-01,High
Tamil Nadu,Tirunelveli,2025-10-01,High
Tamil Nadu,Tirunelveli,2025-12-01,High
Tamil Nadu,Tiruppur,2025-02-01,High
Tamil Nadu,Tiruvallur,2025-02-01,High
Tamil Nadu,Tiruvallur,2025-05-01,High
Tamil Nadu,Tiruvallur,2025-06-01,High
Tamil Nadu,Tiruvallur,2025-08-01,High
Tamil Nadu,Tiruvallur,2025-10-01,High
Tamil Nadu,Tiruvannamalai,2025-02-01,High
Tamil Nadu,Tiruvannamalai,2025-08-01,High
Tamil Nadu,Tiruvannamalai,2025-12-01,High
Rajasthan,Tonk,2025-05-01,High
Rajasthan,Tonk,2025-08-01,High
Rajasthan,Udaipur,2025-05-01,High
Rajasthan,Udaipur,2025-08-01,High
Rajasthan,Udaipur,2025-09-01,High
Rajasthan,Udaipur,2025-10-01,High
Rajasthan,Udaipur,2025-12-01,High
Uttarakhand,Udham Singh Nagar,2025-08-01,High
Uttarakhand,Udham Singh Nagar,2025-10-01,High
Madhya Pradesh,Ujjain,2025-02-01,High
Madhya Pradesh,Ujjain,2025-05-01,High
Madhya Pradesh,Ujjain,2025-08-01,High
Madhya Pradesh,Ujjain,2025-10-01,High
Madhya Pradesh,Umaria,2025-02-01,High
Madhya Pradesh,Umaria,2025-09-01,High
Uttar Pradesh,Unnao,2025-05-01,High
Uttar Pradesh,Unnao,2025-08-01,High
Uttar Pradesh,Unnao,2025-09-01,High
West Bengal,Uttar Dinajpur,2025-05-01,High
West Bengal,Uttar Dinajpur,2025-08-01,High
West Bengal,Uttar Dinajpur,2025-10-01,High
Gujarat,Vadodara,2025-08-01,High
Gujarat,Vadodara,2025-09-01,High
Bihar,Vaishali,2025-05-01,High
Bihar,Vaishali,2025-08-01,High
Bihar,Vaishali,2025-10-01,High
Bihar,Vaishali,2025-12-01,High
Gujarat,Valsad,2025-09-01,High
Gujarat,Valsad,2025-11-01,High
Uttar Pradesh,Varanasi,2025-06-01,High
Uttar Pradesh,Varanasi,2025-08-01,High
Tamil Nadu,Vellore,2025-08-01,High
Tamil Nadu,Vellore,2025-10-01,High
Madhya Pradesh,Vidisha,2025-08-01,High
Madhya Pradesh,Vidisha,2025-10-01,High
Karnataka,Vijayapura,2025-10-01,High
Tamil Nadu,Villupuram,2025-02-01,High
Tamil Nadu,Villupuram,2025-08-01,High
Tamil Nadu,Villupuram,2025-10-01,High
Tamil Nadu,Villupuram,2025-12-01,High
Tamil Nadu,Viluppuram,2025-02-01,High
Tamil Nadu,Viluppuram,2025-10-01,High
Tamil Nadu,Viluppuram,2025-12-01,High
Tamil Nadu,Virudhunagar,2025-02-01,High
Andhra Pradesh,Visakhapatnam,2025-02-01,High
Andhra Pradesh,Visakhapatnam,2025-05-01,High
Andhra Pradesh,Visakhapatnam,2025-08-01,High
Andhra Pradesh,Visakhapatnam,2025-10-01,High
Bihar,West Champaran,2025-05-01,High
Bihar,West Champaran,2025-08-01,High
Bihar,West Champaran,2025-10-01,High
Delhi,West Delhi,2025-06-01,High
Delhi,West Delhi,2025-08-01,High
Delhi,West Delhi,2025-09-01,High
Andhra Pradesh,West Godavari,2025-02-01,High
Andhra Pradesh,West Godavari,2025-09-01,High
Jharkhand,West Singhbhum,2025-09-01,High
Maharashtra,Yavatmal,2025-08-01,High
Telangana,Adilabad,2025-04-01,Low
Telangana,Adilabad,2025-05-01,Low
Telangana,Adilabad,2025-06-01,Low
Telangana,Adilabad,2025-07-01,Low
Andhra Pradesh,Adilabad,2025-08-01,Low
Madhya Pradesh,Agar Malwa,2025-05-01,Low
Gujarat,Ahmadabad,2025-06-01,Low
Mizoram,Aizawl,2025-08-01,Low
Maharashtra,Akola,2025-07-01,Low
West Bengal,Alipurduar,2025-05-01,Low
West Bengal,Alipurduar,2025-06-01,Low
West Bengal,Alipurduar,2025-08-01,Low
Andhra Pradesh,Alluri Sitharama Raju,2025-02-01,Low
Haryana,Ambala,2025-05-01,Low
Gujarat,Amreli,2025-06-01,Low
Gujarat,Anand,2025-06-01,Low
Andhra Pradesh,Ananthapur,2025-05-01,Low
Andhra Pradesh,Ananthapur,2025-08-01,Low
Andhra Pradesh,Ananthapuramu,2025-10-01,Low
Jammu and Kashmir,Anantnag,2025-04-01,Low
Andhra Pradesh,Annamayya,2025-08-01,Low
Odisha,Anugul,2025-02-01,Low
Odisha,Anugul,2025-03-01,Low
Odisha,Anugul,2025-05-01,Low
Odisha,Anugul,2025-06-01,Low
Odisha,Anugul,2025-08-01,Low
Odisha,Anugul,2025-09-01,Low
Odisha,Anugul,2025-10-01,Low
Odisha,Anugul,2025-12-01,Low
Uttar Pradesh,Ayodhya,2025-06-01,Low
Uttar Pradesh,Ayodhya,2025-08-01,Low
Karnataka,Bagalkot *,2025-08-01,Low
Assam,Bajali,2025-06-01,Low
Odisha,Balangir,2025-07-01,Low
Odisha,Baleshwar,2025-02-01,Low
Odisha,Baleshwar,2025-03-01,Low
Odisha,Baleshwar,2025-04-01,Low
Odisha,Baleshwar,2025-05-01,Low
Odisha,Baleshwar,2025-06-01,Low
Odisha,Baleshwar,2025-08-01,Low
Odisha,Baleshwar,2025-09-01,Low
Odisha,Baleshwar,2025-10-01,Low
Odisha,Baleshwar,2025-12-01,Low
Chhattisgarh,Balod,2025-05-01,Low
Gujarat,Banas Kantha,2025-08-01,Low
Karnataka,Bangalore Rural,2025-05-01,Low
Uttar Pradesh,Barabanki,2025-08-01,Low
Jammu and Kashmir,Baramula,2025-04-01,Low
Jammu and Kashmir,Baramula,2025-06-01,Low
Jammu and Kashmir,Baramula,2025-12-01,Low
Odisha,Bargarh,2025-04-01,Low
Odisha,Bargarh,2025-05-01,Low
Odisha,Bargarh,2025-07-01,Low
Odisha,Baudh,2025-05-01,Low
Odisha,Baudh,2025-08-01,Low
Odisha,Baudh,2025-09-01,Low
Odisha,Baudh,2025-11-01,Low
Odisha,Bhadrak,2025-04-01,Low
Odisha,Bhadrak,2025-07-01,Low
Maharashtra,Bhandara,2025-02-01,Low
Maharashtra,Bhandara,2025-08-01,Low
Karnataka,Bijapur,2025-07-01,Low
Assam,Biswanath,2025-04-01,Low
Assam,Biswanath,2025-05-01,Low
Assam,Biswanath,2025-08-01,Low
Gujarat,Botad,2025-08-01,Low
Uttar Pradesh,Bulandshahar,2025-05-01,Low
Uttar Pradesh,Bulandshahar,2025-06-01,Low
Uttar Pradesh,Bulandshahar,2025-08-01,Low
Maharashtra,Buldana,2025-04-01,Low
Madhya Pradesh,Burhanpur,2025-05-01,Low
Delhi,Central Delhi,2025-05-01,Low
Himachal Pradesh,Chamba,2025-02-01,Low
Uttarakhand,Chamoli,2025-03-01,Low
Uttarakhand,Chamoli,2025-05-01,Low
Uttarakhand,Chamoli,2025-08-01,Low
Mizoram,Champhai,2025-07-01,Low
Mizoram,Champhai,2025-08-01,Low
Chandigarh,Chandigarh,2025-04-01,Low
Maharashtra,Chatrapati Sambhaji Nagar,2025-02-01,Low
Maharashtra,Chatrapati Sambhaji Nagar,2025-04-01,Low
Maharashtra,Chatrapati Sambhaji Nagar,2025-10-01,Low
Tamil Nadu,Chengalpattu,2025-05-01,Low
Gujarat,Chhotaudepur,2025-06-01,Low
Gujarat,Chhotaudepur,2025-08-01,Low
Karnataka,Chickmagalur,2025-05-01,Low
Karnataka,Chickmagalur,2025-06-01,Low
Karnataka,Chikkaballapur,2025-05-01,Low
Karnataka,Chikkaballapur,2025-06-01,Low
Karnataka,Chikkamagaluru,2025-06-01,Low
Karnataka,Chikmagalur,2025-05-01,Low
Karnataka,Chikmagalur,2025-08-01,Low
Assam,Chirang,2025-08-01,Low
Nagaland,Chumukedima,2025-07-01,Low
Nagaland,Chumukedima,2025-10-01,Low
Nagaland,Chumukedima,2025-11-01,Low
Odisha,Cuttack,2025-07-01,Low
Dadra and Nagar Haveli,Dadra and Nagar Haveli,2025-02-01,Low
Dadra and Nagar Haveli,Dadra and Nagar Haveli,2025-03-01,Low
Dadra and Nagar Haveli,Dadra and Nagar Haveli,2025-04-01,Low
Dadra and Nagar Haveli,Dadra and Nagar Haveli,2025-05-01,Low
Dadra and Nagar Haveli,Dadra and Nagar Haveli,2025-06-01,Low
Dadra and Nagar Haveli,Dadra and Nagar Haveli,2025-07-01,Low
Dadra and Nagar Haveli,Dadra and Nagar Haveli,2025-08-01,Low
Dadra and Nagar Haveli,Dadra and Nagar Haveli,2025-09-01,Low
Dadra and Nagar Haveli,Dadra and Nagar Haveli,2025-10-01,Low
Dadra and Nagar Haveli,Dadra and Nagar Haveli,2025-11-01,Low
Dadra and Nagar Haveli,Dadra and Nagar Haveli,2025-12-01,Low
Gujarat,Dahod,2025-05-01,Low
Daman and Diu,Daman,2025-02-01,Low
Dadra and Nagar Haveli and Daman and Diu,Daman,2025-08-01,Low
Daman and Diu,Daman,2025-08-01,Low
Dadra and Nagar Haveli and Daman and Diu,Daman,2025-10-01,Low
West Bengal,Darjiling,2025-05-01,Low
Odisha,Debagarh,2025-05-01,Low
Odisha,Debagarh,2025-06-01,Low
Odisha,Debagarh,2025-08-01,Low
Odisha,Debagarh,2025-10-01,Low
Odisha,Debagarh,2025-12-01,Low
Gujarat,Devbhumi Dwarka,2025-06-01,Low
Gujarat,Devbhumi Dwarka,2025-08-01,Low
Gujarat,Devbhumi Dwarka,2025-11-01,Low
Tripura,Dhalai,2025-08-01,Low
Tripura,Dhalai  *,2025-09-01,Low
Maharashtra,Dharashiv,2025-05-01,Low
Maharashtra,Dharashiv,2025-06-01,Low
Maharashtra,Dharashiv,2025-11-01,Low
Assam,Dhemaji,2025-08-01,Low
Odisha,Dhenkanal,2025-02-01,Low
Odisha,Dhenkanal,2025-03-01,Low
Odisha,Dhenkanal,2025-04-01,Low
Odisha,Dhenkanal,2025-05-01,Low
Nagaland,Dimapur,2025-06-01,Low
Dadra and Nagar Haveli and Daman and Diu,Diu,2025-06-01,Low
Daman and Diu,Diu,2025-08-01,Low
Daman and Diu,Diu,2025-09-01,Low
Dadra and Nagar Haveli and Daman and Diu,Diu,2025-11-01,Low
Daman & Diu,Diu,2025-12-01,Low
Daman and Diu,Diu,2025-12-01,Low
Jammu and Kashmir,Doda,2025-06-01,Low
Jammu and Kashmir,Doda,2025-07-01,Low
Gujarat,Dohad,2025-05-01,Low
Gujarat,Dohad,2025-08-01,Low
Gujarat,Dohad,2025-11-01,Low
Andhra Pradesh,Dr. B. R. Ambedkar Konaseema,2025-05-01,Low
Sikkim,East,2025-04-01,Low
Meghalaya,East Garo Hills,2025-08-01,Low
Meghalaya,East Garo Hills,2025-11-01,Low
Arunachal Pradesh,East Kameng,2025-11-01,Low
Madhya Pradesh,East Nimar,2025-05-01,Low
Sikkim,East Sikkim,2025-08-01,Low
Meghalaya,Eastern West Khasi Hills,2025-09-01,Low
Meghalaya,Eastern West Khasi Hills,2025-10-01,Low
Andhra Pradesh,Eluru,2025-05-01,Low
Haryana,Fatehabad,2025-05-01,Low
Haryana,Fatehabad,2025-06-01,Low
Punjab,Fatehgarh Sahib,2025-08-01,Low
Maharashtra,Gadchiroli,2025-06-01,Low
Odisha,Gajapati,2025-04-01,Low
Odisha,Gajapati,2025-06-01,Low
Odisha,Gajapati,2025-08-01,Low
Gujarat,Gandhinagar,2025-06-01,Low
Odisha,Ganjam,2025-07-01,Low
Chhattisgarh,Gariyaband,2025-06-01,Low
Gujarat,Gir Somnath,2025-06-01,Low
Tripura,Gomati,2025-05-01,Low
Tripura,Gomati,2025-06-01,Low
Tripura,Gomati,2025-08-01,Low
Karnataka,Gulbarga,2025-05-01,Low
Punjab,Gurdaspur,2025-04-01,Low
West Bengal,HOWRAH,2025-06-01,Low
Uttar Pradesh,Hamirpur,2025-07-01,Low
Madhya Pradesh,Harda,2025-05-01,Low
Madhya Pradesh,Harda *,2025-04-01,Low
Madhya Pradesh,Harda *,2025-07-01,Low
Madhya Pradesh,Harda *,2025-10-01,Low
Uttarakhand,Hardwar,2025-03-01,Low
Karnataka,Hasan,2025-05-01,Low
Jharkhand,Hazaribag,2025-05-01,Low
Jharkhand,Hazaribag,2025-08-01,Low
Manipur,Imphal East,2025-04-01,Low
Odisha,Jagatsinghapur,2025-05-01,Low
Odisha,Jagatsinghapur,2025-08-01,Low
Odisha,Jagatsinghapur,2025-09-01,Low
Odisha,Jagatsinghapur,2025-10-01,Low
Odisha,Jagatsinghapur,2025-11-01,Low
Telangana,Jagitial,2025-06-01,Low
Telangana,Jagitial,2025-08-01,Low
Rajasthan,Jaisalmer,2025-06-01,Low
Odisha,Jajapur,2025-03-01,Low
Odisha,Jajapur,2025-04-01,Low
Odisha,Jajapur,2025-05-01,Low
Odisha,Jajapur,2025-07-01,Low
Odisha,Jajapur,2025-10-01,Low
Odisha,Jajapur,2025-11-01,Low
Odisha,Jajapur,2025-12-01,Low
Jammu and Kashmir,Jammu,2025-03-01,Low
Jammu and Kashmir,Jammu,2025-04-01,Low
Jammu and Kashmir,Jammu,2025-07-01,Low
Gujarat,Jamnagar,2025-06-01,Low
Telangana,Jangaon,2025-02-01,Low
Telangana,Jangaon,2025-11-01,Low
Telangana,Jangoan,2025-06-01,Low
Telangana,Jangoan,2025-08-01,Low
Chhattisgarh,Jashpur,2025-05-01,Low
Chhattisgarh,Jashpur,2025-11-01,Low
Telangana,Jayashankar Bhupalpally,2025-06-01,Low
West Bengal,Jhargram,2025-05-01,Low
Odisha,Jharsuguda,2025-02-01,Low
Odisha,Jharsuguda,2025-03-01,Low
Odisha,Jharsuguda,2025-05-01,Low
Odisha,Jharsuguda,2025-06-01,Low
Odisha,Jharsuguda,2025-07-01,Low
Odisha,Jharsuguda,2025-08-01,Low
Odisha,Jharsuguda,2025-09-01,Low
Odisha,Jharsuguda,2025-11-01,Low
Odisha,Jharsuguda,2025-12-01,Low
Rajasthan,Jhunjhunu,2025-05-01,Low
Rajasthan,Jhunjhunu,2025-06-01,Low
Rajasthan,Jhunjhunu,2025-08-01,Low
Rajasthan,Jhunjhunu,2025-11-01,Low
Telangana,Jogulamba Gadwal,2025-06-01,Low
Telangana,Jogulamba Gadwal,2025-08-01,Low
Assam,Jorhat,2025-05-01,Low
Chhattisgarh,Kabeerdham,2025-08-01,Low
West Bengal,Kalimpong,2025-06-01,Low
Telangana,Kamareddy,2025-06-01,Low
Telangana,Kamareddy,2025-08-01,Low
Odisha,Kandhamal,2025-07-01,Low
Chhattisgarh,Kanker,2025-05-01,Low
Chhattisgarh,Kanker,2025-08-01,Low
Tamil Nadu,Kanyakumari,2025-05-01,Low
Punjab,Kapurthala,2025-05-01,Low
Puducherry,Karaikal,2025-01-01,Low
Puducherry,Karaikal,2025-02-01,Low
Puducherry,Karaikal,2025-03-01,Low
Pondicherry,Karaikal,2025-05-01,Low
Puducherry,Karaikal,2025-05-01,Low
Puducherry,Karaikal,2025-06-01,Low
Puducherry,Karaikal,2025-07-01,Low
Pondicherry,Karaikal,2025-08-01,Low
Puducherry,Karaikal,2025-09-01,Low
Puducherry,Karaikal,2025-10-01,Low
Puducherry,Karaikal,2025-11-01,Low
Puducherry,Karaikal,2025-12-01,Low
Jammu and Kashmir,Kargil,2025-01-01,Low
Jammu and Kashmir,Kargil,2025-05-01,Low
Jammu and Kashmir,Kargil,2025-08-01,Low
Ladakh,Kargil,2025-09-01,Low
Jammu and Kashmir,Kargil,2025-10-01,Low
Ladakh,Kargil,2025-10-01,Low
Ladakh,Kargil,2025-12-01,Low
Telangana,Karimnagar,2025-05-01,Low
Tamil Nadu,Karur,2025-05-01,Low
Kerala,Kasargod,2025-05-01,Low
Kerala,Kasargod,2025-06-01,Low
Jammu and Kashmir,Kathua,2025-02-01,Low
Jammu and Kashmir,Kathua,2025-05-01,Low
Odisha,Kendrapara,2025-03-01,Low
Chhattisgarh,Khairagarh Chhuikhadan Gandai,2025-05-01,Low
Telangana,Khammam,2025-05-01,Low
Telangana,Khammam,2025-07-01,Low
Madhya Pradesh,Khandwa,2025-05-01,Low
Orissa,Khordha,2025-02-01,Low
Orissa,Khordha,2025-04-01,Low
Orissa,Khordha,2025-05-01,Low
Orissa,Khordha,2025-06-01,Low
Odisha,Khordha,2025-08-01,Low
Orissa,Khordha,2025-08-01,Low
Orissa,Khordha,2025-09-01,Low
Orissa,Khordha,2025-10-01,Low
Orissa,Khordha,2025-11-01,Low
Tripura,Khowai,2025-02-01,Low
Tripura,Khowai,2025-05-01,Low
Tripura,Khowai,2025-08-01,Low
Tripura,Khowai,2025-10-01,Low
Nagaland,Kiphire,2025-03-01,Low
Nagaland,Kiphire,2025-07-01,Low
Karnataka,Kodagu,2025-04-01,Low
Karnataka,Kodagu,2025-06-01,Low
Jharkhand,Koderma,2025-05-01,Low
Assam,Kokrajhar,2025-05-01,Low
Assam,Kokrajhar,2025-08-01,Low
Mizoram,Kolasib,2025-05-01,Low
Mizoram,Kolasib,2025-07-01,Low
Kerala,Kollam,2025-07-01,Low
Chhattisgarh,Kondagaon,2025-04-01,Low
Chhattisgarh,Koriya,2025-02-01,Low
Chhattisgarh,Koriya,2025-05-01,Low
Chhattisgarh,Koriya,2025-08-01,Low
Chhattisgarh,Koriya,2025-11-01,Low
Kerala,Kottayam,2025-05-01,Low
Kerala,Kottayam,2025-07-01,Low
Jharkhand,Latehar,2025-05-01,Low
Mizoram,Lawngtlai,2025-05-01,Low
Jammu and Kashmir,Leh,2025-02-01,Low
Ladakh,Leh,2025-02-01,Low
Ladakh,Leh,2025-04-01,Low
Jammu and Kashmir,Leh,2025-08-01,Low
Ladakh,Leh,2025-09-01,Low
Jammu and Kashmir,Leh,2025-10-01,Low
Jammu and Kashmir,Leh,2025-12-01,Low
Arunachal Pradesh,Lohit,2025-05-01,Low
Arunachal Pradesh,Lohit,2025-11-01,Low
Arunachal Pradesh,Lower Dibang Valley,2025-03-01,Low
Mizoram,Lunglei,2025-05-01,Low
Mizoram,Lunglei,2025-06-01,Low
Mizoram,Lunglei,2025-08-01,Low
Andhra Pradesh,Mahabub Nagar,2025-06-01,Low
Telangana,Mahabubabad,2025-06-01,Low
Telangana,Mahabubabad,2025-08-01,Low
Telangana,Mahabubabad,2025-10-01,Low
Chhattisgarh,Mahasamund,2025-05-01,Low
Gujarat,Mahesana,2025-06-01,Low
Gujarat,Mahisagar,2025-05-01,Low
Gujarat,Mahisagar,2025-06-01,Low
West Bengal,Maldah,2025-05-01,Low
West Bengal,Maldah,2025-08-01,Low
Punjab,Malerkotla,2025-05-01,Low
Punjab,Malerkotla,2025-08-01,Low
Odisha,Malkangiri,2025-07-01,Low
Telangana,Mancherial,2025-06-01,Low
Telangana,Mancherial,2025-08-01,Low
Telangana,Mancherial,2025-09-01,Low
Madhya Pradesh,Mauganj,2025-02-01,Low
Madhya Pradesh,Mauganj,2025-07-01,Low
Madhya Pradesh,Mauganj,2025-08-01,Low
Tamil Nadu,Mayiladuthurai,2025-06-01,Low
Tamil Nadu,Mayiladuthurai,2025-07-01,Low
Telangana,Medchal-malkajgiri,2025-06-01,Low
Telangana,Medchal−malkajgiri,2025-06-01,Low
Telangana,Medchal−malkajgiri,2025-08-01,Low
Chhattisgarh,Mohla-Manpur-Ambagarh Chouki,2025-06-01,Low
Nagaland,Mokokchung,2025-03-01,Low
Nagaland,Mokokchung,2025-06-01,Low
Nagaland,Mon,2025-07-01,Low
Gujarat,Morbi,2025-06-01,Low
Gujarat,Morbi,2025-08-01,Low
Gujarat,Morbi,2025-09-01,Low
Punjab,Muktsar,2025-05-01,Low
Punjab,Muktsar,2025-08-01,Low
Punjab,Muktsar,2025-09-01,Low
Telangana,Mulugu,2025-02-01,Low
Telangana,Mulugu,2025-06-01,Low
Telangana,Mulugu,2025-08-01,Low
Telangana,Mulugu,2025-10-01,Low
Maharashtra,Mumbai City,2025-05-01,Low
Andhra Pradesh,N. T. R,2025-05-01,Low
Andhra Pradesh,N. T. R,2025-08-01,Low
Odisha,NUAPADA,2025-05-01,Low
Odisha,NUAPADA,2025-09-01,Low
Telangana,Nagarkurnool,2025-06-01,Low
Arunachal Pradesh,Namsai,2025-05-01,Low
Telangana,Narayanpet,2025-06-01,Low
Telangana,Narayanpet,2025-11-01,Low
Gujarat,Narmada,2025-06-01,Low
Madhya Pradesh,Narmadapuram,2025-02-01,Low
Madhya Pradesh,Narmadapuram,2025-05-01,Low
Madhya Pradesh,Narsimhapur,2025-06-01,Low
Gujarat,Navsari,2025-05-01,Low
Gujarat,Navsari,2025-06-01,Low
Odisha,Nayagarh,2025-03-01,Low
Odisha,Nayagarh,2025-04-01,Low
Odisha,Nayagarh,2025-05-01,Low
Odisha,Nayagarh,2025-06-01,Low
Odisha,Nayagarh,2025-11-01,Low
Odisha,Nayagarh,2025-12-01,Low
Delhi,New Delhi,2025-05-01,Low
Delhi,New Delhi,2025-06-01,Low
Telangana,Nirmal,2025-06-01,Low
Nagaland,Noklak,2025-03-01,Low
Delhi,North Delhi,2025-05-01,Low
Delhi,North East,2025-04-01,Low
Tripura,North Tripura,2025-05-01,Low
West Bengal,North Twenty Four Parganas,2025-08-01,Low
Odisha,Nuapada,2025-08-01,Low
Odisha,Nuapada,2025-09-01,Low
Maharashtra,Osmanabad,2025-06-01,Low
Haryana,Panchkula,2025-08-01,Low
Gujarat,Panchmahals,2025-05-01,Low
Gujarat,Panchmahals,2025-06-01,Low
Arunachal Pradesh,Papum Pare,2025-08-01,Low
Arunachal Pradesh,Papum Pare,2025-10-01,Low
West Bengal,Paschim Bardhaman,2025-05-01,Low
West Bengal,Paschim Bardhaman,2025-08-01,Low
Jharkhand,Pashchimi Singhbhum,2025-05-01,Low
Jharkhand,Pashchimi Singhbhum,2025-08-01,Low
Gujarat,Patan,2025-08-01,Low
Kerala,Pathanamthitta,2025-05-01,Low
Uttarakhand,Pauri Garhwal,2025-06-01,Low
Telangana,Peddapalli,2025-04-01,Low
Telangana,Peddapalli,2025-06-01,Low
Telangana,Peddapalli,2025-08-01,Low
Tamil Nadu,Perambalur,2025-05-01,Low
Nagaland,Phek,2025-05-01,Low
Pondicherry,Pondicherry,2025-06-01,Low
Pondicherry,Pondicherry,2025-08-01,Low
Pondicherry,Pondicherry,2025-12-01,Low
Gujarat,Porbandar,2025-06-01,Low
Gujarat,Porbandar,2025-08-01,Low
Uttar Pradesh,Prayagraj,2025-05-01,Low
Uttar Pradesh,Prayagraj,2025-08-01,Low
Uttar Pradesh,Prayagraj,2025-09-01,Low
Puducherry,Puducherry,2025-05-01,Low
Puducherry,Puducherry,2025-07-01,Low
Jammu and Kashmir,Punch,2025-05-01,Low
Jammu and Kashmir,Punch,2025-08-01,Low
Bihar,Purba Champaran,2025-03-01,Low
Bihar,Purba Champaran,2025-07-01,Low
Jharkhand,Purbi Singhbhum,2025-04-01,Low
Jharkhand,Purbi Singhbhum,2025-08-01,Low
Odisha,Puri,2025-03-01,Low
Odisha,Puri,2025-05-01,Low
Odisha,Puri,2025-07-01,Low
Odisha,Puri,2025-12-01,Low
Bihar,Purnea,2025-04-01,Low
Bihar,Purnea,2025-07-01,Low
West Bengal,Purulia,2025-05-01,Low
Maharashtra,Raigad,2025-05-01,Low
Maharashtra,Raigad,2025-08-01,Low
Maharashtra,Raigarh,2025-04-01,Low
Telangana,Rajanna Sircilla,2025-06-01,Low
Karnataka,Ramanagar,2025-06-01,Low
Karnataka,Ramanagar,2025-08-01,Low
Jharkhand,Ramgarh,2025-05-01,Low
Jharkhand,Ramgarh,2025-07-01,Low
Andhra Pradesh,Rangareddi,2025-05-01,Low
Andhra Pradesh,Rangareddi,2025-08-01,Low
Maharashtra,Ratnagiri,2025-05-01,Low
Maharashtra,Ratnagiri,2025-07-01,Low
Maharashtra,Ratnagiri,2025-08-01,Low
Odisha,Rayagada,2025-05-01,Low
Odisha,Rayagada,2025-06-01,Low
Odisha,Rayagada,2025-07-01,Low
Odisha,Rayagada,2025-12-01,Low
Meghalaya,Ri Bhoi,2025-08-01,Low
Haryana,Rohtak,2025-05-01,Low
Punjab,Rupnagar,2025-05-01,Low
Punjab,Rupnagar,2025-08-01,Low
Punjab,S.A.S Nagar(Mohali),2025-04-01,Low
Punjab,S.A.S Nagar(Mohali),2025-10-01,Low
Punjab,SAS Nagar (Mohali),2025-04-01,Low
Punjab,SAS Nagar (Mohali),2025-05-01,Low
Gujarat,Sabar Kantha,2025-05-01,Low
Gujarat,Sabar Kantha,2025-06-01,Low
Mizoram,Saiha,2025-03-01,Low
Mizoram,Saiha,2025-05-01,Low
Mizoram,Saiha,2025-08-01,Low
Mizoram,Saiha,2025-10-01,Low
Odisha,Sambalpur,2025-03-01,Low
Odisha,Sambalpur,2025-08-01,Low
Bihar,Samstipur,2025-08-01,Low
Telangana,Sangareddy,2025-06-01,Low
Chhattisgarh,Sarangarh-Bilaigarh,2025-02-01,Low
Tripura,Sepahijala,2025-08-01,Low
Jharkhand,Seraikela-Kharsawan,2025-05-01,Low
Jharkhand,Seraikela-kharsawan,2025-05-01,Low
Delhi,Shahdara,2025-05-01,Low
Bihar,Sheikhpura,2025-05-01,Low
Himachal Pradesh,Shimla,2025-05-01,Low
Karnataka,Shivamogga,2025-05-01,Low
Telangana,Siddipet,2025-06-01,Low
Telangana,Siddipet,2025-08-01,Low
Jharkhand,Simdega,2025-05-01,Low
Maharashtra,Sindhudurg,2025-08-01,Low
Odisha,Sonapur,2025-02-01,Low
Odisha,Sonapur,2025-03-01,Low
Odisha,Sonapur,2025-04-01,Low
Odisha,Sonapur,2025-05-01,Low
Odisha,Sonapur,2025-07-01,Low
Odisha,Sonapur,2025-08-01,Low
Odisha,Sonapur,2025-12-01,Low
Sikkim,South,2025-05-01,Low
Sikkim,South,2025-06-01,Low
Sikkim,South,2025-11-01,Low
Andaman and Nicobar Islands,South Andaman,2025-03-01,Low
Andaman and Nicobar Islands,South Andaman,2025-04-01,Low
Andaman and Nicobar Islands,South Andaman,2025-05-01,Low
Andaman and Nicobar Islands,South Andaman,2025-10-01,Low
Andaman and Nicobar Islands,South Andaman,2025-11-01,Low
Andaman and Nicobar Islands,South Andaman,2025-12-01,Low
Delhi,South East Delhi,2025-05-01,Low
Meghalaya,South Garo Hills,2025-08-01,Low
Meghalaya,South Garo Hills,2025-09-01,Low
Assam,South Salmara Mankachar,2025-05-01,Low
Tripura,South Tripura,2025-08-01,Low
Meghalaya,South West Khasi Hills,2025-03-01,Low
Meghalaya,South West Khasi Hills,2025-05-01,Low
Meghalaya,South West Khasi Hills,2025-07-01,Low
Meghalaya,South West Khasi Hills,2025-08-01,Low
Punjab,Sri Muktsar Sahib,2025-08-01,Low
Andhra Pradesh,Sri Sathya Sai,2025-08-01,Low
Assam,Sribhumi,2025-02-01,Low
Assam,Sribhumi,2025-11-01,Low
Odisha,Subarnapur,2025-02-01,Low
Odisha,Subarnapur,2025-05-01,Low
Odisha,Subarnapur,2025-08-01,Low
Odisha,Subarnapur,2025-11-01,Low
Odisha,Sundargarh,2025-03-01,Low
Odisha,Sundargarh,2025-04-01,Low
Odisha,Sundargarh,2025-05-01,Low
Odisha,Sundargarh,2025-06-01,Low
Odisha,Sundargarh,2025-08-01,Low
Odisha,Sundargarh,2025-10-01,Low
Odisha,Sundargarh,2025-11-01,Low
Odisha,Sundargarh,2025-12-01,Low
Chhattisgarh,Surajpur,2025-05-01,Low
Telangana,Suryapet,2025-06-01,Low
Telangana,Suryapet,2025-08-01,Low
Manipur,Tamenglong,2025-02-01,Low
Manipur,Tamenglong,2025-05-01,Low
Manipur,Tamenglong,2025-10-01,Low
Gujarat,Tapi,2025-07-01,Low
Gujarat,Tapi,2025-08-01,Low
Uttarakhand,Tehri Garhwal,2025-02-01,Low
Gujarat,The Dangs,2025-06-01,Low
Gujarat,The Dangs,2025-08-01,Low
Tamil Nadu,The Nilgiris,2025-05-01,Low
Tamil Nadu,The Nilgiris,2025-08-01,Low
Tamil Nadu,The Nilgiris,2025-10-01,Low
Tamil Nadu,Theni,2025-05-01,Low
Tamil Nadu,Thiruvallur,2025-07-01,Low
Arunachal Pradesh,Tirap,2025-05-01,Low
Tamil Nadu,Tirupattur,2025-06-01,Low
Tamil Nadu,Tirupattur,2025-08-01,Low
Karnataka,Tumkur,2025-05-01,Low
Assam,Udalguri,2025-05-01,Low
Tripura,Unakoti,2025-04-01,Low
Tripura,Unakoti,2025-08-01,Low
Tripura,Unakoti,2025-10-01,Low
Karnataka,Uttara Kannada,2025-05-01,Low
Uttarakhand,Uttarkashi,2025-02-01,Low
Gujarat,Valsad,2025-05-01,Low
Gujarat,Valsad,2025-06-01,Low
Karnataka,Vijayanagara,2025-06-01,Low
Telangana,Vikarabad,2025-05-01,Low
Telangana,Vikarabad,2025-06-01,Low
Telangana,Wanaparthy,2025-06-01,Low
Telangana,Wanaparthy,2025-08-01,Low
Telangana,Warangal,2025-01-01,Low
Telangana,Warangal,2025-04-01,Low
Telangana,Warangal,2025-05-01,Low
Telangana,Warangal,2025-06-01,Low
Telangana,Warangal,2025-07-01,Low
Telangana,Warangal Rural,2025-05-01,Low
Telangana,Warangal Rural,2025-06-01,Low
Telangana,Warangal Rural,2025-08-01,Low
Telangana,Warangal Rural,2025-10-01,Low
Telangana,Warangal Urban,2025-06-01,Low
Maharashtra,Wardha,2025-06-01,Low
Arunachal Pradesh,West Kameng,2025-05-01,Low
Arunachal Pradesh,West Kameng,2025-09-01,Low
Assam,West Karbi Anglong,2025-03-01,Low
Assam,West Karbi Anglong,2025-05-01,Low
Assam,West Karbi Anglong,2025-08-01,Low
Assam,West Karbi Anglong,2025-10-01,Low
Meghalaya,West Khasi Hills,2025-08-01,Low
Arunachal Pradesh,West Siang,2025-04-01,Low
Arunachal Pradesh,West Siang,2025-08-01,Low
Arunachal Pradesh,West Siang,2025-09-01,Low
Tripura,West Tripura,2025-08-01,Low
Andhra Pradesh,Y. S. R,2025-08-01,Low
Odisha,jajpur,2025-05-01,Low
Telangana,Adilabad,2025-01-01,Medium
Telangana,Adilabad,2025-02-01,Medium
Telangana,Adilabad,2025-03-01,Medium
Telangana,Adilabad,2025-08-01,Medium
Telangana,Adilabad,2025-09-01,Medium
Telangana,Adilabad,2025-10-01,Medium
Telangana,Adilabad,2025-11-01,Medium
Telangana,Adilabad,2025-12-01,Medium
Uttar Pradesh,Ambedkar Nagar,2025-05-01,Medium
Uttar Pradesh,Amethi,2025-06-01,Medium
Gujarat,Amreli,2025-08-01,Medium
Uttar Pradesh,Amroha,2025-05-01,Medium
Gujarat,Anand,2025-08-01,Medium
Andhra Pradesh,Anantapur,2025-05-01,Medium
Odisha,Angul,2025-02-01,Medium
Odisha,Angul,2025-06-01,Medium
Odisha,Angul,2025-08-01,Medium
Madhya Pradesh,Ashok Nagar,2025-04-01,Medium
Madhya Pradesh,Ashok Nagar,2025-06-01,Medium
Uttar Pradesh,Baghpat,2025-08-01,Medium
Madhya Pradesh,Balaghat,2025-05-01,Medium
Odisha,Balangir,2025-03-01,Medium
Odisha,Balangir,2025-04-01,Medium
Odisha,Balangir,2025-05-01,Medium
Odisha,Balangir,2025-06-01,Medium
Odisha,Balangir,2025-08-01,Medium
Odisha,Balangir,2025-09-01,Medium
Odisha,Balangir,2025-10-01,Medium
Odisha,Balangir,2025-11-01,Medium
Odisha,Balangir,2025-12-01,Medium
Odisha,Baleswar,2025-06-01,Medium
Chhattisgarh,Baloda Bazar,2025-05-01,Medium
Uttar Pradesh,Balrampur,2025-03-01,Medium
Uttar Pradesh,Balrampur,2025-04-01,Medium
Chhattisgarh,Balrampur,2025-05-01,Medium
Uttar Pradesh,Balrampur,2025-06-01,Medium
Uttar Pradesh,Balrampur,2025-07-01,Medium
Uttar Pradesh,Balrampur,2025-11-01,Medium
Uttar Pradesh,Balrampur,2025-12-01,Medium
Gujarat,Banaskantha,2025-06-01,Medium
Gujarat,Banaskantha,2025-08-01,Medium
Rajasthan,Banswara,2025-08-01,Medium
Jammu and Kashmir,Baramula,2025-05-01,Medium
Jammu and Kashmir,Baramula,2025-11-01,Medium
Rajasthan,Baran,2025-04-01,Medium
Rajasthan,Baran,2025-08-01,Medium
Odisha,Bargarh,2025-03-01,Medium
Odisha,Bargarh,2025-06-01,Medium
Odisha,Bargarh,2025-09-01,Medium
Odisha,Bargarh,2025-10-01,Medium
Odisha,Bargarh,2025-11-01,Medium
Chhattisgarh,Bastar,2025-05-01,Medium
Karnataka,Belgaum,2025-06-01,Medium
Odisha,Bhadrak,2025-03-01,Medium
Odisha,Bhadrak,2025-05-01,Medium
Odisha,Bhadrak,2025-06-01,Medium
Odisha,Bhadrak,2025-08-01,Medium
Odisha,Bhadrak,2025-09-01,Medium
Odisha,Bhadrak,2025-10-01,Medium
Odisha,Bhadrak,2025-11-01,Medium
Odisha,Bhadrak,2025-12-01,Medium
Gujarat,Bharuch,2025-08-01,Medium
Gujarat,Bhavnagar,2025-06-01,Medium
Karnataka,Bidar,2025-06-01,Medium
Karnataka,Bijapur,2025-03-01,Medium
Karnataka,Bijapur,2025-04-01,Medium
Karnataka,Bijapur,2025-06-01,Medium
Chhattisgarh,Bijapur,2025-08-01,Medium
Karnataka,Bijapur,2025-08-01,Medium
Karnataka,Bijapur,2025-09-01,Medium
Karnataka,Bijapur,2025-10-01,Medium
Karnataka,Bijapur,2025-11-01,Medium
Karnataka,Bijapur,2025-12-01,Medium
Chhattisgarh,Bilaspur,2025-03-01,Medium
Chhattisgarh,Bilaspur,2025-04-01,Medium
Chhattisgarh,Bilaspur,2025-05-01,Medium
Chhattisgarh,Bilaspur,2025-06-01,Medium
Chhattisgarh,Bilaspur,2025-07-01,Medium
Chhattisgarh,Bilaspur,2025-11-01,Medium
Jharkhand,Bokaro,2025-05-01,Medium
Maharashtra,Buldhana,2025-06-01,Medium
Madhya Pradesh,Burhanpur,2025-08-01,Medium
Bihar,Buxar,2025-05-01,Medium
Bihar,Buxar,2025-08-01,Medium
Bihar,Buxar,2025-10-01,Medium
Uttar Pradesh,Chandauli,2025-05-01,Medium
Uttar Pradesh,Chitrakoot,2025-05-01,Medium
Uttar Pradesh,Chitrakoot,2025-08-01,Medium
Uttar Pradesh,Chitrakoot,2025-09-01,Medium
Rajasthan,Chittorgarh,2025-05-01,Medium
Tamil Nadu,Coimbatore,2025-05-01,Medium
Tamil Nadu,Cuddalore,2025-05-01,Medium
Odisha,Cuttack,2025-03-01,Medium
Odisha,Cuttack,2025-04-01,Medium
Odisha,Cuttack,2025-05-01,Medium
Odisha,Cuttack,2025-06-01,Medium
Odisha,Cuttack,2025-08-01,Medium
Odisha,Cuttack,2025-09-01,Medium
Odisha,Cuttack,2025-10-01,Medium
Odisha,Cuttack,2025-11-01,Medium
Odisha,Cuttack,2025-12-01,Medium
Gujarat,Dahod,2025-06-01,Medium
Karnataka,Dakshina Kannada,2025-05-01,Medium
Madhya Pradesh,Damoh,2025-05-01,Medium
West Bengal,Darjeeling,2025-08-01,Medium
Assam,Darrang,2025-05-01,Medium
Assam,Darrang,2025-08-01,Medium
Assam,Darrang,2025-10-01,Medium
Madhya Pradesh,Datia,2025-08-01,Medium
Karnataka,Davangere,2025-08-01,Medium
Jharkhand,Deoghar,2025-05-01,Medium
Madhya Pradesh,Dhar,2025-05-01,Medium
Tamil Nadu,Dharmapuri,2025-05-01,Medium
Tamil Nadu,Dharmapuri,2025-06-01,Medium
Tamil Nadu,Dharmapuri,2025-08-01,Medium
Karnataka,Dharwad,2025-05-01,Medium
Assam,Dhemaji,2025-05-01,Medium
Assam,Dhemaji,2025-06-01,Medium
Assam,Dhemaji,2025-10-01,Medium
Odisha,Dhenkanal,2025-06-01,Medium
Odisha,Dhenkanal,2025-08-01,Medium
Odisha,Dhenkanal,2025-09-01,Medium
Odisha,Dhenkanal,2025-10-01,Medium
Odisha,Dhenkanal,2025-11-01,Medium
Odisha,Dhenkanal,2025-12-01,Medium
Assam,Dibrugarh,2025-05-01,Medium
Tamil Nadu,Dindigul,2025-05-01,Medium
Jharkhand,Dumka,2025-05-01,Medium
Rajasthan,Dungarpur,2025-05-01,Medium
Chhattisgarh,Durg,2025-05-01,Medium
Meghalaya,East Khasi Hills,2025-08-01,Medium
Jharkhand,East Singhbhum,2025-05-01,Medium
Kerala,Ernakulam,2025-05-01,Medium
Tamil Nadu,Erode,2025-05-01,Medium
Tamil Nadu,Erode,2025-06-01,Medium
Tamil Nadu,Erode,2025-08-01,Medium
Uttar Pradesh,Etah,2025-05-01,Medium
Uttar Pradesh,Etah,2025-08-01,Medium
Uttar Pradesh,Etah,2025-09-01,Medium
Uttar Pradesh,Etawah,2025-05-01,Medium
Uttar Pradesh,Firozabad,2025-05-01,Medium
Karnataka,Gadag,2025-04-01,Medium
Karnataka,Gadag,2025-06-01,Medium
Odisha,Gajapati,2025-02-01,Medium
Rajasthan,Ganganagar,2025-02-01,Medium
Odisha,Ganjam,2025-03-01,Medium
Odisha,Ganjam,2025-04-01,Medium
Odisha,Ganjam,2025-05-01,Medium
Odisha,Ganjam,2025-12-01,Medium
Gujarat,Gir Somnath,2025-08-01,Medium
Jharkhand,Godda,2025-05-01,Medium
Assam,Golaghat,2025-08-01,Medium
Maharashtra,Gondiya,2025-08-01,Medium
Jharkhand,Gumla,2025-05-01,Medium
Uttar Pradesh,Hamirpur,2025-01-01,Medium
Uttar Pradesh,Hamirpur,2025-02-01,Medium
Uttar Pradesh,Hamirpur,2025-03-01,Medium
Uttar Pradesh,Hamirpur,2025-04-01,Medium
Uttar Pradesh,Hamirpur,2025-05-01,Medium
Uttar Pradesh,Hamirpur,2025-06-01,Medium
Uttar Pradesh,Hamirpur,2025-08-01,Medium
Uttar Pradesh,Hamirpur,2025-09-01,Medium
Uttar Pradesh,Hamirpur,2025-10-01,Medium
Uttar Pradesh,Hamirpur,2025-11-01,Medium
Uttar Pradesh,Hamirpur,2025-12-01,Medium
Uttar Pradesh,Hapur,2025-06-01,Medium
Madhya Pradesh,Harda,2025-02-01,Medium
Madhya Pradesh,Harda,2025-08-01,Medium
Madhya Pradesh,Harda,2025-10-01,Medium
Uttarakhand,Haridwar,2025-05-01,Medium
Uttar Pradesh,Hathras,2025-05-01,Medium
Karnataka,Haveri,2025-06-01,Medium
Jharkhand,Hazaribagh,2025-05-01,Medium
Madhya Pradesh,Hoshangabad,2025-04-01,Medium
Madhya Pradesh,Hoshangabad,2025-05-01,Medium
Madhya Pradesh,Hoshangabad,2025-08-01,Medium
Odisha,Jagatsinghapur,2025-06-01,Medium
Odisha,Jajapur,2025-06-01,Medium
Odisha,Jajapur,2025-09-01,Medium
Maharashtra,Jalgaon,2025-06-01,Medium
Jammu and Kashmir,Jammu,2025-01-01,Medium
Jammu and Kashmir,Jammu,2025-05-01,Medium
Jammu and Kashmir,Jammu,2025-08-01,Medium
Jammu and Kashmir,Jammu,2025-09-01,Medium
Jammu and Kashmir,Jammu,2025-10-01,Medium
Jammu and Kashmir,Jammu,2025-11-01,Medium
Jammu and Kashmir,Jammu,2025-12-01,Medium
Gujarat,Jamnagar,2025-08-01,Medium
Gujarat,Jamnagar,2025-09-01,Medium
Chhattisgarh,Janjgir-champa,2025-05-01,Medium
Chhattisgarh,Janjgir-champa,2025-06-01,Medium
Madhya Pradesh,Jhabua,2025-05-01,Medium
Uttar Pradesh,Jhansi,2025-05-01,Medium
Assam,Jorhat,2025-06-01,Medium
Assam,Jorhat,2025-10-01,Medium
Gujarat,Junagadh,2025-06-01,Medium
Gujarat,Junagadh,2025-08-01,Medium
Gujarat,Kachchh,2025-06-01,Medium
Gujarat,Kachchh,2025-08-01,Medium
Gujarat,Kachchh,2025-10-01,Medium
Haryana,Kaithal,2025-05-01,Medium
Haryana,Kaithal,2025-08-01,Medium
Odisha,Kalahandi,2025-04-01,Medium
Odisha,Kalahandi,2025-06-01,Medium
Odisha,Kalahandi,2025-08-01,Medium
Odisha,Kalahandi,2025-09-01,Medium
Odisha,Kalahandi,2025-10-01,Medium
Assam,Kamrup Metro,2025-05-01,Medium
Odisha,Kandhamal,2025-02-01,Medium
Odisha,Kandhamal,2025-03-01,Medium
Odisha,Kandhamal,2025-06-01,Medium
Odisha,Kandhamal,2025-08-01,Medium
Odisha,Kandhamal,2025-10-01,Medium
Uttar Pradesh,Kanpur Dehat,2025-05-01,Medium
Telangana,Karimnagar,2025-01-01,Medium
Telangana,Karimnagar,2025-04-01,Medium
Telangana,Karimnagar,2025-06-01,Medium
Telangana,Karimnagar,2025-07-01,Medium
Telangana,Karimnagar,2025-08-01,Medium
Telangana,Karimnagar,2025-10-01,Medium
Tamil Nadu,Karur,2025-06-01,Medium
Tamil Nadu,Karur,2025-08-01,Medium
Uttar Pradesh,Kasganj,2025-05-01,Medium
Madhya Pradesh,Katni,2025-05-01,Medium
Uttar Pradesh,Kaushambi,2025-05-01,Medium
Odisha,Kendrapara,2025-02-01,Medium
Odisha,Kendrapara,2025-04-01,Medium
Odisha,Kendrapara,2025-05-01,Medium
Odisha,Kendrapara,2025-06-01,Medium
Odisha,Kendrapara,2025-08-01,Medium
Odisha,Kendrapara,2025-09-01,Medium
Odisha,Kendrapara,2025-10-01,Medium
Odisha,Kendrapara,2025-11-01,Medium
Odisha,Kendrapara,2025-12-01,Medium
Odisha,Kendujhar,2025-02-01,Medium
Odisha,Kendujhar,2025-04-01,Medium
Odisha,Kendujhar,2025-05-01,Medium
Odisha,Kendujhar,2025-06-01,Medium
Odisha,Kendujhar,2025-08-01,Medium
Odisha,Kendujhar,2025-10-01,Medium
Odisha,Kendujhar,2025-12-01,Medium
Bihar,Khagaria,2025-05-01,Medium
Telangana,Khammam,2025-03-01,Medium
Telangana,Khammam,2025-04-01,Medium
Telangana,Khammam,2025-06-01,Medium
Telangana,Khammam,2025-08-01,Medium
Telangana,Khammam,2025-09-01,Medium
Telangana,Khammam,2025-10-01,Medium
Telangana,Khammam,2025-11-01,Medium
Telangana,Khammam,2025-12-01,Medium
Madhya Pradesh,Khargone,2025-06-01,Medium
Gujarat,Kheda,2025-06-01,Medium
Gujarat,Kheda,2025-08-01,Medium
Odisha,Khorda,2025-02-01,Medium
Odisha,Khorda,2025-05-01,Medium
Odisha,Khorda,2025-06-01,Medium
Odisha,Khorda,2025-08-01,Medium
Karnataka,Kolar,2025-05-01,Medium
Kerala,Kollam,2025-05-01,Medium
Odisha,Koraput,2025-03-01,Medium
Odisha,Koraput,2025-04-01,Medium
Odisha,Koraput,2025-05-01,Medium
Odisha,Koraput,2025-06-01,Medium
Odisha,Koraput,2025-09-01,Medium
Odisha,Koraput,2025-10-01,Medium
Odisha,Koraput,2025-11-01,Medium
Odisha,Koraput,2025-12-01,Medium
Chhattisgarh,Korba,2025-05-01,Medium
Tamil Nadu,Krishnagiri,2025-05-01,Medium
Tamil Nadu,Krishnagiri,2025-08-01,Medium
Bihar,Lakhisarai,2025-05-01,Medium
Uttar Pradesh,Lalitpur,2025-05-01,Medium
Uttar Pradesh,Lalitpur,2025-08-01,Medium
Punjab,Ludhiana,2025-05-01,Medium
Gujarat,Mahesana,2025-08-01,Medium
Gujarat,Mahesana,2025-09-01,Medium
Uttar Pradesh,Mahoba,2025-08-01,Medium
Uttar Pradesh,Mainpuri,2025-05-01,Medium
Odisha,Malkangiri,2025-02-01,Medium
Odisha,Malkangiri,2025-03-01,Medium
Odisha,Malkangiri,2025-04-01,Medium
Odisha,Malkangiri,2025-05-01,Medium
Odisha,Malkangiri,2025-06-01,Medium
Odisha,Malkangiri,2025-08-01,Medium
Odisha,Malkangiri,2025-09-01,Medium
Odisha,Malkangiri,2025-10-01,Medium
Odisha,Malkangiri,2025-11-01,Medium
Madhya Pradesh,Mandla,2025-05-01,Medium
Odisha,Mayurbhanj,2025-03-01,Medium
Odisha,Mayurbhanj,2025-04-01,Medium
Telangana,Medak,2025-04-01,Medium
Telangana,Medak,2025-05-01,Medium
Telangana,Medak,2025-06-01,Medium
Telangana,Medak,2025-07-01,Medium
Telangana,Medak,2025-11-01,Medium
Bihar,Munger,2025-05-01,Medium
Tamil Nadu,Nagapattinam,2025-06-01,Medium
Tamil Nadu,Nagapattinam,2025-08-01,Medium
Telangana,Nalgonda,2025-03-01,Medium
Telangana,Nalgonda,2025-04-01,Medium
Telangana,Nalgonda,2025-05-01,Medium
Telangana,Nalgonda,2025-06-01,Medium
Telangana,Nalgonda,2025-07-01,Medium
Telangana,Nalgonda,2025-11-01,Medium
Maharashtra,Nanded,2025-06-01,Medium
Maharashtra,Nandurbar,2025-05-01,Medium
Madhya Pradesh,Narsinghpur,2025-06-01,Medium
Odisha,Nayagarh,2025-08-01,Medium
Odisha,Nayagarh,2025-09-01,Medium
Odisha,Nayagarh,2025-10-01,Medium
Telangana,Nizamabad,2025-04-01,Medium
Telangana,Nizamabad,2025-05-01,Medium
Telangana,Nizamabad,2025-06-01,Medium
Telangana,Nizamabad,2025-07-01,Medium
Telangana,Nizamabad,2025-11-01,Medium
Delhi,North East Delhi,2025-05-01,Medium
Odisha,Nuapada,2025-11-01,Medium
Kerala,Palakkad,2025-05-01,Medium
Maharashtra,Palghar,2025-05-01,Medium
Madhya Pradesh,Panna,2025-05-01,Medium
Maharashtra,Parbhani,2025-07-01,Medium
Gujarat,Patan,2025-06-01,Medium
Gujarat,Patan,2025-09-01,Medium
Punjab,Patiala,2025-05-01,Medium
Punjab,Patiala,2025-08-01,Medium
Uttar Pradesh,Pratapgarh,2025-07-01,Medium
Tamil Nadu,Pudukkottai,2025-05-01,Medium
Tamil Nadu,Pudukkottai,2025-06-01,Medium
Odisha,Puri,2025-02-01,Medium
Odisha,Puri,2025-04-01,Medium
Odisha,Puri,2025-06-01,Medium
Odisha,Puri,2025-08-01,Medium
Odisha,Puri,2025-09-01,Medium
Odisha,Puri,2025-10-01,Medium
Odisha,Puri,2025-11-01,Medium
Chhattisgarh,Raigarh,2025-02-01,Medium
Maharashtra,Raigarh,2025-02-01,Medium
Chhattisgarh,Raigarh,2025-05-01,Medium
Maharashtra,Raigarh,2025-05-01,Medium
Chhattisgarh,Raigarh,2025-08-01,Medium
Maharashtra,Raigarh,2025-10-01,Medium
Maharashtra,Raigarh,2025-11-01,Medium
Maharashtra,Raigarh,2025-12-01,Medium
Madhya Pradesh,Raisen,2025-04-01,Medium
Rajasthan,Rajsamand,2025-05-01,Medium
Rajasthan,Rajsamand,2025-08-01,Medium
Tamil Nadu,Ramanathapuram,2025-05-01,Medium
Madhya Pradesh,Ratlam,2025-05-01,Medium
Odisha,Rayagada,2025-02-01,Medium
Odisha,Rayagada,2025-03-01,Medium
Odisha,Rayagada,2025-08-01,Medium
Odisha,Rayagada,2025-09-01,Medium
Odisha,Rayagada,2025-10-01,Medium
Odisha,Rayagada,2025-11-01,Medium
Bihar,Rohtas,2025-05-01,Medium
Gujarat,Sabarkantha,2025-08-01,Medium
Tamil Nadu,Salem,2025-05-01,Medium
Odisha,Sambalpur,2025-06-01,Medium
Maharashtra,Sangli,2025-08-01,Medium
Rajasthan,Sawai Madhopur,2025-05-01,Medium
Madhya Pradesh,Seoni,2025-04-01,Medium
Madhya Pradesh,Shahdol,2025-05-01,Medium
Madhya Pradesh,Shahdol,2025-06-01,Medium
Uttar Pradesh,Shamli,2025-08-01,Medium
Madhya Pradesh,Sheopur,2025-06-01,Medium
Madhya Pradesh,Sheopur,2025-08-01,Medium
Uttar Pradesh,Shrawasti,2025-06-01,Medium
Madhya Pradesh,Sidhi,2025-05-01,Medium
Rajasthan,Sirohi,2025-05-01,Medium
Rajasthan,Sirohi,2025-08-01,Medium
Odisha,Sundergarh,2025-06-01,Medium
Odisha,Sundergarh,2025-08-01,Medium
Chhattisgarh,Surajpur,2025-02-01,Medium
Gujarat,Surendra Nagar,2025-06-01,Medium
Gujarat,Surendra Nagar,2025-08-01,Medium
Chhattisgarh,Surguja,2025-05-01,Medium
Uttarakhand,Tehri Garhwal,2025-05-01,Medium
Uttarakhand,Tehri Garhwal,2025-08-01,Medium
Uttarakhand,Tehri Garhwal,2025-12-01,Medium
Tamil Nadu,Thanjavur,2025-05-01,Medium
Tamil Nadu,Thanjavur,2025-06-01,Medium
Tamil Nadu,Thanjavur,2025-08-01,Medium
Kerala,Thiruvananthapuram,2025-05-01,Medium
Tamil Nadu,Thoothukkudi,2025-05-01,Medium
Kerala,Thrissur,2025-05-01,Medium
Tamil Nadu,Tirunelveli,2025-06-01,Medium
Tamil Nadu,Tiruppur,2025-05-01,Medium
Tamil Nadu,Tiruppur,2025-06-01,Medium
Tamil Nadu,Tiruppur,2025-08-01,Medium
Tamil Nadu,Tiruvannamalai,2025-05-01,Medium
Rajasthan,Tonk,2025-04-01,Medium
Uttarakhand,Udham Singh Nagar,2025-05-01,Medium
Gujarat,Valsad,2025-08-01,Medium
Tamil Nadu,Vellore,2025-05-01,Medium
Madhya Pradesh,Vidisha,2025-06-01,Medium
Karnataka,Vijayapura,2025-06-01,Medium
Telangana,Vikarabad,2025-08-01,Medium
Tamil Nadu,Villupuram,2025-05-01,Medium
Tamil Nadu,Viluppuram,2025-05-01,Medium
Tamil Nadu,Viluppuram,2025-08-01,Medium
Tamil Nadu,Virudhunagar,2025-05-01,Medium
Telangana,Warangal,2025-02-01,Medium
Telangana,Warangal,2025-03-01,Medium
Telangana,Warangal,2025-08-01,Medium
Telangana,Warangal,2025-09-01,Medium
Telangana,Warangal,2025-10-01,Medium
Telangana,Warangal,2025-11-01,Medium
Telangana,Warangal,2025-12-01,Medium
Meghalaya,West Garo Hills,2025-03-01,Medium
Meghalaya,West Garo Hills,2025-05-01,Medium
Meghalaya,West Garo Hills,2025-10-01,Medium
Meghalaya,West Khasi Hills,2025-03-01,Medium
Meghalaya,West Khasi Hills,2025-05-01,Medium
Jharkhand,West Singhbhum,2025-05-01,Medium
Jharkhand,West Singhbhum,2025-08-01,Medium
Haryana,Yamuna Nagar,2025-05-01,Medium
Maharashtra,Yavatmal,2025-06-01,Medium
